Roof,Date,Green/Conventional,Taxa,Total
BXG,18/05/2011,Green,Hymenoptera,4
BXG,18/05/2011,Green,Diptera,305
BXG,18/05/2011,Green,Hemiptera,6
BXG,18/05/2011,Green,Isopoda,0
BXG,18/05/2011,Green,Araneae,0
BXG,18/05/2011,Green,Coleoptera,1
BXG,18/05/2011,Green,Collembola,16
BXG,18/05/2011,Green,Thysanoptera,12
BXG,18/05/2011,Green,Coleoptera,8
BXG,18/05/2011,Green,Araneae,10
BXG,18/05/2011,Green,Diptera,8
BXG,18/05/2011,Green,Hymenoptera,104
BXG,18/05/2011,Green,Hemiptera,3
BXG,18/05/2011,Green,Thysanoptera,117
BXG,18/05/2011,Green,Lepidoptera,3
BXG,25/05/2011,Green,Diptera,191
BXG,25/05/2011,Green,Hymenoptera,7
BXG,25/05/2011,Green,Araneae,24
BXG,25/05/2011,Green,Coleoptera,2
BXG,25/05/2011,Green,Lepidoptera larvae,1
BXG,25/05/2011,Green,Collembola,64
BXG,25/05/2011,Green,Thysanoptera,75
BXG,25/05/2011,Green,Hemiptera,8
BXG,25/05/2011,Green,Araneae,40
BXG,25/05/2011,Green,Diptera,130
BXG,25/05/2011,Green,Hymenoptera,4
BXG,25/05/2011,Green,Lepidoptera larvae,1
BXG,25/05/2011,Green,Hemiptera,6
BXG,25/05/2011,Green,Collembola,37
BXG,25/05/2011,Green,Thysanoptera,55
BXG,02/06/2011,Green,Orthoptera,15
BXG,02/06/2011,Green,Hemiptera,21
BXG,02/06/2011,Green,Isopoda,87
BXG,02/06/2011,Green,Araneae,21
BXG,02/06/2011,Green,Diptera,36
BXG,02/06/2011,Green,Coleoptera,5
BXG,02/06/2011,Green,Lepidoptera larvae,1
BXG,02/06/2011,Green,Collembola,31
BXG,02/06/2011,Green,Hymenoptera,9
BXG,02/06/2011,Green,Thysanoptera,631
BXG,02/06/2011,Green,Araneae,16
BXG,02/06/2011,Green,Coleoptera,4
BXG,02/06/2011,Green,Diptera,33
BXG,02/06/2011,Green,Isopoda,4
BXG,02/06/2011,Green,Orthoptera,6
BXG,02/06/2011,Green,Lepidoptera,6
BXG,02/06/2011,Green,Hymenoptera,11
BXG,02/06/2011,Green,Hemiptera,16
BXG,02/06/2011,Green,Thysanoptera,131
BXG,02/06/2011,Green,Collembola,31
BXG,14/06/2011,Green,Lepidoptera,71
BXG,14/06/2011,Green,Diptera,31
BXG,14/06/2011,Green,Hymenoptera,57
BXG,14/06/2011,Green,Coleoptera,9
BXG,14/06/2011,Green,Isopoda,1
BXG,14/06/2011,Green,Hemiptera,27
BXG,14/06/2011,Green,Thysanoptera,673
BXG,14/06/2011,Green,Collembola,3
BXG,14/06/2011,Green,Orthoptera,10
BXG,14/06/2011,Green,Araneae,3
BXG,14/06/2011,Green,Thysanoptera,489
BXG,14/06/2011,Green,Acari,1
BXG,14/06/2011,Green,Thysanoptera,1057
BXG,14/06/2011,Green,Diptera,7
BXG,14/06/2011,Green,Araneae,31
BXG,14/06/2011,Green,Coleoptera,3
BXG,14/06/2011,Green,Orthoptera,4
BXG,14/06/2011,Green,Hymenoptera,43
BXG,14/06/2011,Green,Thysanoptera,71
BXG,14/06/2011,Green,Collembola,4
BXG,14/06/2011,Green,Araneae,6
BXG,14/06/2011,Green,Coleoptera,2
BXG,14/06/2011,Green,Lepidoptera,24
BXG,14/06/2011,Green,Orthoptera,3
BXG,14/06/2011,Green,Hemiptera,5
BXG,14/06/2011,Green,Hymenoptera,37
BXG,14/06/2011,Green,Diptera,13
BXG,14/06/2011,Green,Thysanoptera,57
BXG,14/06/2011,Green,Isopoda,1
BXG,23/06/2011,Green,Lepidoptera,17
BXG,23/06/2011,Green,Coleoptera,5
BXG,23/06/2011,Green,Isopoda,5
BXG,23/06/2011,Green,Diptera,39
BXG,23/06/2011,Green,Hymenoptera,58
BXG,23/06/2011,Green,Araneae,7
BXG,23/06/2011,Green,Orthoptera,3
BXG,23/06/2011,Green,Hemiptera,2
BXG,23/06/2011,Green,Thysanoptera,2206
BXG,23/06/2011,Green,Thysanoptera,1625
BXG,23/06/2011,Green,Thysanoptera,583
BXG,23/06/2011,Green,Diptera,15
BXG,23/06/2011,Green,Hymenoptera,22
BXG,23/06/2011,Green,Lepidoptera,3
BXG,23/06/2011,Green,Hemiptera,2
BXG,23/06/2011,Green,Araneae,3
BXG,23/06/2011,Green,Coleoptera,3
BXG,23/06/2011,Green,Isopoda,1
BXG,23/06/2011,Green,Orthoptera,2
BXG,23/06/2011,Green,Hymenoptera,8
BXG,23/06/2011,Green,Coleoptera,9
BXG,23/06/2011,Green,Diptera,5
BXG,23/06/2011,Green,Araneae,1
BXG,23/06/2011,Green,Hemiptera,1
BXG,23/06/2011,Green,Thysanoptera,996
BXG,01/07/2011,Green,Diptera,91
BXG,01/07/2011,Green,Hemiptera,4
BXG,01/07/2011,Green,Collembola,1
BXG,01/07/2011,Green,Acari,15
BXG,01/07/2011,Green,Coleoptera,139
BXG,01/07/2011,Green,Orthoptera,2
BXG,01/07/2011,Green,Lepidoptera larvae,1
BXG,01/07/2011,Green,Isopoda,16
BXG,01/07/2011,Green,Thysanoptera,599
BXG,01/07/2011,Green,Hymenoptera,88
BXG,01/07/2011,Green,Diptera,54
BXG,01/07/2011,Green,Lepidoptera,1
BXG,08/07/2011,Green,Coleoptera,41
BXG,08/07/2011,Green,Hymenoptera,45
BXG,08/07/2011,Green,Orthoptera,3
BXG,08/07/2011,Green,Diptera,105
BXG,08/07/2011,Green,Araneae,14
BXG,08/07/2011,Green,Isopoda,5
BXG,08/07/2011,Green,Hemiptera,6
BXG,08/07/2011,Green,Thysanoptera,162
BXG,08/07/2011,Green,Collembola,6
BXG,06/05/2012,Green,Diptera,179
BXG,06/05/2012,Green,Hemiptera,47
BXG,06/05/2012,Green,Lepidoptera,3
BXG,06/05/2012,Green,Hymenoptera,8
BXG,06/05/2012,Green,Araneae,14
BXG,06/05/2012,Green,Acari,1
BXG,06/05/2012,Green,Thysanoptera,8
BXG,10/05/2012,Green,Hymenoptera,6
BXG,10/05/2012,Green,Diptera,121
BXG,10/05/2012,Green,Lepidoptera,2
BXG,10/05/2012,Green,Hemiptera,6
BXG,10/05/2012,Green,Araneae,4
BXG,10/05/2012,Green,Collembola,217
BXG,16/05/2012,Green,Lepidoptera,1
BXG,16/05/2012,Green,Diptera,357
BXG,16/05/2012,Green,Hemiptera,83
BXG,16/05/2012,Green,Araneae,9
BXG,16/05/2012,Green,trichoptera,2
BXG,16/05/2012,Green,Orthoptera,3
BXG,16/05/2012,Green,Coleoptera,4
BXG,16/05/2012,Green,Hymenoptera,11
BXG,16/05/2012,Green,Acari,5
BXG,24/05/2012,Green,Araneae,19
BXG,24/05/2012,Green,Diptera,87
BXG,24/05/2012,Green,Hemiptera,2
BXG,24/05/2012,Green,Coleoptera,1
BXG,24/05/2012,Green,Hymenoptera,8
BXG,24/05/2012,Green,Orthoptera,8
BXG,24/05/2012,Green,Hemiptera,17
BXG,24/05/2012,Green,Thysanoptera,12
BXG,24/05/2012,Green,Acari,2
BXG,13/06/2012,Green,Lepidoptera larvae,1
BXG,13/06/2012,Green,Coleoptera,43
BXG,13/06/2012,Green,Hymenoptera,15
BXG,13/06/2012,Green,Diptera,83
BXG,13/06/2012,Green,Isopoda,4
BXG,13/06/2012,Green,Araneae,11
BXG,13/06/2012,Green,Orthoptera,3
BXG,13/06/2012,Green,Thysanoptera,1280
BXG,13/06/2012,Green,Hemiptera,16
BXG,13/06/2012,Green,Neuroptera,1
BXG,25/06/2012,Green,Coleoptera,12
BXG,25/06/2012,Green,Hymenoptera,0
BXG,25/06/2012,Green,Araneae,15
BXG,25/06/2012,Green,Diptera,18
BXG,25/06/2012,Green,Hemiptera,3
BXG,25/06/2012,Green,Isopoda,1
BXG,25/06/2012,Green,UID,1
BXG,25/06/2012,Green,Acari,1
BXG,25/06/2012,Green,Hemiptera,9
BXG,25/06/2012,Green,Hymenoptera,5
BXG,25/06/2012,Green,Coleoptera,90
BXG,25/06/2012,Green,Araneae,66
BXG,25/06/2012,Green,Diptera,20
BXG,25/06/2012,Green,Isopoda,7
BXG,25/06/2012,Green,Acari,1
BXG,25/06/2012,Green,Lepidoptera,1
BXG,25/06/2012,Green,Hemiptera,9
BXG,27/06/2012,Green,Lepidoptera,3
BXG,27/06/2012,Green,Lepidoptera larvae,3
BXG,27/06/2012,Green,Coleoptera,13
BXG,27/06/2012,Green,Diptera,93
BXG,27/06/2012,Green,Araneae,31
BXG,27/06/2012,Green,Neuroptera,1
BXG,27/06/2012,Green,Orthoptera,16
BXG,27/06/2012,Green,Hemiptera,42
BXG,27/06/2012,Green,Hymenoptera,27
BXG,27/06/2012,Green,Thysanoptera,37
BXG,27/06/2012,Green,Collembola,24
BXG,27/06/2012,Green,Acari,112
BXG,27/06/2012,Green,Coleoptera,4
BXG,28/06/2012,Green,Coleoptera,53
BXG,28/06/2012,Green,Diptera,327
BXG,28/06/2012,Green,Araneae,6
BXG,28/06/2012,Green,Lepidoptera,1
BXG,28/06/2012,Green,Hymenoptera,3
BXG,28/06/2012,Green,Hemiptera,35
BXG,28/06/2012,Green,Lepidoptera larvae,1
BXG,28/06/2012,Green,Thysanoptera,97
BXG,28/06/2012,Green,Isopoda,1
BXG,28/06/2012,Green,UID,3
BXG,28/06/2012,Green,Collembola,12
BXG,28/06/2012,Green,Coleoptera,44
BXG,28/06/2012,Green,Diptera,69
BXG,28/06/2012,Green,Araneae,14
BXG,28/06/2012,Green,Diplopoda,1
BXG,28/06/2012,Green,Hymenoptera,14
BXG,28/06/2012,Green,Hemiptera,33
BXG,28/06/2012,Green,Phthiraptera,7
BXG,28/06/2012,Green,Thysanoptera,427
BXG,28/06/2012,Green,Acari,1
BXG,28/06/2012,Green,Collembola,13
BXC,18/05/2011,Conventional,Diptera,29
BXC,18/05/2011,Conventional,Hymenoptera,4
BXC,18/05/2011,Conventional,Lepidoptera,2
BXC,18/05/2011,Conventional,Araneae,1
BXC,18/05/2011,Conventional,Coleoptera,1
BXC,18/05/2011,Conventional,Hemiptera,25
BXC,18/05/2011,Conventional,Thysanoptera,73
BXC,25/05/2011,Conventional,Hymenoptera,8
BXC,25/05/2011,Conventional,Diptera,22
BXC,25/05/2011,Conventional,Hemiptera,23
BXC,25/05/2011,Conventional,Thysanoptera,6
BXC,02/06/2011,Conventional,Hymenoptera,4
BXC,02/06/2011,Conventional,Diptera,19
BXC,02/06/2011,Conventional,Hemiptera,85
BXC,02/06/2011,Conventional,Thysanoptera,77
BXC,02/06/2011,Conventional,Coleoptera,1
BXC,02/06/2011,Conventional,Acari,1
BXC,14/06/2011,Conventional,Diptera,4
BXC,14/06/2011,Conventional,Thysanoptera,2
BXC,14/06/2011,Conventional,Hemiptera,7
BXC,14/06/2011,Conventional,Diptera,15
BXC,14/06/2011,Conventional,Hemiptera,22
BXC,14/06/2011,Conventional,Hymenoptera,3
BXC,14/06/2011,Conventional,Thysanoptera,16
BXC,14/06/2011,Conventional,Coleoptera,4
BXC,23/06/2011,Conventional,Diptera,17
BXC,23/06/2011,Conventional,Lepidoptera,1
BXC,23/06/2011,Conventional,Hymenoptera,2
BXC,23/06/2011,Conventional,Hemiptera,9
BXC,23/06/2011,Conventional,Coleoptera,4
BXC,23/06/2011,Conventional,Thysanoptera,114
BXC,01/07/2011,Conventional,Neuroptera,1
BXC,01/07/2011,Conventional,Diptera,36
BXC,01/07/2011,Conventional,Coleoptera,17
BXC,01/07/2011,Conventional,Blatteodea,1
BXC,01/07/2011,Conventional,Hymenoptera,6
BXC,01/07/2011,Conventional,Hemiptera,9
BXC,01/07/2011,Conventional,Thysanoptera,101
BXC,01/07/2011,Conventional,Hymenoptera,2
BXC,01/07/2011,Conventional,Diptera,1
BXC,01/07/2011,Conventional,Thysanoptera,11
BXC,01/07/2011,Conventional,Araneae,1
BXC,08/07/2011,Conventional,Diptera,11
BXC,08/07/2011,Conventional,Hymenoptera,4
BXC,08/07/2011,Conventional,Coleoptera,5
BXC,08/07/2011,Conventional,Hemiptera,16
BXC,08/07/2011,Conventional,Lepidoptera,2
BXC,08/07/2011,Conventional,trichoptera,1
BXC,08/07/2011,Conventional,Thysanoptera,44
BXC,06/05/2012,Conventional,Diptera,55
BXC,06/05/2012,Conventional,Hymenoptera,32
BXC,06/05/2012,Conventional,Neuroptera,1
BXC,10/05/2012,Conventional,Diptera,26
BXC,10/05/2012,Conventional,Hymenoptera,22
BXC,10/05/2012,Conventional,Coleoptera,1
BXC,10/05/2012,Conventional,Hemiptera,10
BXC,16/05/2012,Conventional,Diptera,42
BXC,16/05/2012,Conventional,Hemiptera,122
BXC,16/05/2012,Conventional,Hymenoptera,7
BXC,24/05/2012,Conventional,Diptera,15
BXC,24/05/2012,Conventional,Hemiptera,24
BXC,24/05/2012,Conventional,Acari,1
BXC,24/05/2012,Conventional,Araneae,1
BXC,13/06/2012,Conventional,Diptera,11
BXC,13/06/2012,Conventional,Lepidoptera,1
BXC,13/06/2012,Conventional,Hemiptera,8
BXC,13/06/2012,Conventional,Hymenoptera,2
BXC,25/06/2012,Conventional,Diptera,10
BXC,25/06/2012,Conventional,Hymenoptera,1
BXC,25/06/2012,Conventional,Araneae,1
BXC,27/06/2012,Conventional,Coleoptera,4
BXC,27/06/2012,Conventional,Diptera,12
BXC,27/06/2012,Conventional,Hymenoptera,4
BXC,27/06/2012,Conventional,Hemiptera,100
BXC,28/06/2012,Conventional,Diptera,31
BXC,28/06/2012,Conventional,Coleoptera,4
BXC,28/06/2012,Conventional,Hemiptera,14
BXC,28/06/2012,Conventional,Hymenoptera,3
BXC,28/06/2012,Conventional,Collembola,1
BXC,28/06/2012,Conventional,Thysanoptera,6
ESG,20/06/2011,Green,Thysanoptera,171
ESG,20/06/2011,Green,Hemiptera,29
ESG,20/06/2011,Green,Hymenoptera,2
ESG,20/06/2011,Green,Lepidoptera,2
ESG,20/06/2011,Green,Diptera,37
ESG,20/06/2011,Green,Araneae,1
ESG,20/06/2011,Green,Lepidoptera,3
ESG,20/06/2011,Green,Diptera,132
ESG,20/06/2011,Green,Hymenoptera,41
ESG,20/06/2011,Green,Hemiptera,98
ESG,20/06/2011,Green,Dermaptera,1
ESG,20/06/2011,Green,Coleoptera,1
ESG,20/06/2011,Green,Thysanoptera,339
ESG,20/06/2011,Green,Collembola,1
ESG,11/07/2011,Green,Diptera,45
ESG,11/07/2011,Green,Dermaptera,2
ESG,11/07/2011,Green,Hymenoptera,30
ESG,11/07/2011,Green,Coleoptera,8
ESG,11/07/2011,Green,Hemiptera,60
ESG,11/07/2011,Green,Araneae,3
ESG,11/07/2011,Green,Thysanoptera,133
ESG,11/07/2011,Green,Lepidoptera larvae,1
ESG,11/07/2011,Green,Lepidoptera,1
ESG,18/07/2011,Green,Coleoptera,1
ESG,18/07/2011,Green,Diptera,16
ESG,18/07/2011,Green,Hymenoptera,4
ESG,18/07/2011,Green,Coleoptera,3
ESG,18/07/2011,Green,Hemiptera,8
ESG,18/07/2011,Green,Thysanoptera,14
ESC,20/06/2011,Conventional,Diptera,8
ESC,20/06/2011,Conventional,Hymenoptera,1
ESC,20/06/2011,Conventional,Thysanoptera,1
ESC,11/07/2011,Conventional,Diptera,17
ESC,11/07/2011,Conventional,Hemiptera,7
ESC,11/07/2011,Conventional,Hymenoptera,2
ESC,18/07/2011,Conventional,Thysanoptera,12
ESC,18/07/2011,Conventional,Hemiptera,5
ESC,18/07/2011,Conventional,Diptera,12
ESC,18/07/2011,Conventional,Coleoptera,1
ESC,18/07/2011,Conventional,Hymenoptera,3
FITG,05/07/2011,Green,Hymenoptera,57
FITG,05/07/2011,Green,Araneae,15
FITG,05/07/2011,Green,Diptera,221
FITG,05/07/2011,Green,Coleoptera,7
FITG,05/07/2011,Green,Phthiraptera,17
FITG,05/07/2011,Green,Thysanoptera,202
FITG,05/07/2011,Green,Hemiptera,45
FITG,05/07/2011,Green,Collembola,240
FITG,05/07/2011,Green,Lepidoptera larvae,3
FITG,05/07/2011,Green,Lepidoptera,1
FITG,05/07/2011,Green,Orthoptera,1
FITG,05/07/2011,Green,Acari,1
FITG,05/07/2011,Green,Hymenoptera,40
FITG,05/07/2011,Green,Diptera,205
FITG,05/07/2011,Green,Coleoptera,2
FITG,05/07/2011,Green,Araneae,15
FITG,05/07/2011,Green,Lepidoptera,2
FITG,05/07/2011,Green,Diplopoda,1
FITG,05/07/2011,Green,Thysanura,1
FITG,05/07/2011,Green,Lepidoptera larvae,1
FITG,05/07/2011,Green,UID,1
FITG,05/07/2011,Green,Orthoptera,1
FITG,05/07/2011,Green,Hemiptera,33
FITG,05/07/2011,Green,Thysanoptera,51
FITG,05/07/2011,Green,Collembola,22
FITG,05/07/2011,Green,Acari,2
FITG,05/07/2011,Green,Gastropoda,96
FITG,05/07/2011,Green,Araneae,1
FITG,05/07/2011,Green,Diptera,7
FITG,05/07/2011,Green,Hemiptera,2
FITG,05/07/2011,Green,Collembola,2
FITG,05/07/2011,Green,Thysanoptera,1
FITG,27/04/2012,Green,Diptera,131
FITG,27/04/2012,Green,Araneae,3
FITG,27/04/2012,Green,Hemiptera,83
FITG,27/04/2012,Green,Hymenoptera,4
FITG,27/04/2012,Green,Isopoda,1
FITG,27/04/2012,Green,Diptera,119
FITG,27/04/2012,Green,Hymenoptera,15
FITG,27/04/2012,Green,Araneae,12
FITG,27/04/2012,Green,Hemiptera,148
FITG,27/04/2012,Green,Acari,1
FITG,27/04/2012,Green,Coleoptera,2
FITG,27/04/2012,Green,Diptera,134
FITG,27/04/2012,Green,Hymenoptera,1
FITG,27/04/2012,Green,Coleoptera,2
FITG,27/04/2012,Green,Hymenoptera,2
FITG,27/04/2012,Green,Araneae,12
FITG,27/04/2012,Green,Collembola,44
FITG,27/04/2012,Green,Hemiptera,46
FITG,27/04/2012,Green,Isopoda,1
FITG,04/05/2012,Green,Lepidoptera,2
FITG,04/05/2012,Green,Diptera,90
FITG,04/05/2012,Green,Gastropoda,1
FITG,04/05/2012,Green,Hemiptera,50
FITG,04/05/2012,Green,Araneae,2
FITG,04/05/2012,Green,Thysanoptera,15
FITG,04/05/2012,Green,Hymenoptera,2
FITG,04/05/2012,Green,Diptera,35
FITG,04/05/2012,Green,Coleoptera,1
FITG,04/05/2012,Green,Hemiptera,176
FITG,04/05/2012,Green,Hymenoptera,10
FITG,04/05/2012,Green,Araneae,2
FITG,04/05/2012,Green,Collembola,71
FITG,04/05/2012,Green,Diptera,87
FITG,04/05/2012,Green,Diplopoda,1
FITG,04/05/2012,Green,Coleoptera,1
FITG,04/05/2012,Green,Hemiptera,75
FITG,04/05/2012,Green,Araneae,4
FITG,04/05/2012,Green,Hymenoptera,5
FITG,04/05/2012,Green,Thysanoptera,27
FITG,04/05/2012,Green,Neuroptera,1
FITG,11/05/2012,Green,Diptera,73
FITG,11/05/2012,Green,Lepidoptera,1
FITG,11/05/2012,Green,Hymenoptera,15
FITG,11/05/2012,Green,Hemiptera,157
FITG,11/05/2012,Green,Araneae,1
FITG,11/05/2012,Green,Thysanoptera,37
FITG,11/05/2012,Green,Diptera,173
FITG,11/05/2012,Green,Megadrilacea,2
FITG,11/05/2012,Green,Coleoptera,2
FITG,11/05/2012,Green,Araneae,11
FITG,11/05/2012,Green,Lepidoptera,1
FITG,11/05/2012,Green,Gastropoda,5
FITG,11/05/2012,Green,Hymenoptera,14
FITG,11/05/2012,Green,Hemiptera,848
FITG,11/05/2012,Green,Orthoptera,53
FITG,11/05/2012,Green,Isopoda,2
FITG,11/05/2012,Green,Diptera,210
FITG,11/05/2012,Green,Coleoptera,8
FITG,11/05/2012,Green,Araneae,15
FITG,11/05/2012,Green,Lepidoptera,4
FITG,11/05/2012,Green,Gastropoda,5
FITG,11/05/2012,Green,Hymenoptera,39
FITG,11/05/2012,Green,Hemiptera,198
FITG,11/05/2012,Green,Orthoptera,6
FITG,11/05/2012,Green,Neuroptera,1
FITG,27/05/2012,Green,Diptera,53
FITG,27/05/2012,Green,Hymenoptera,39
FITG,27/05/2012,Green,Lepidoptera,2
FITG,27/05/2012,Green,Orthoptera,2
FITG,27/05/2012,Green,Araneae,7
FITG,27/05/2012,Green,Lepidoptera larvae,1
FITG,27/05/2012,Green,Neuroptera,1
FITG,27/05/2012,Green,Coleoptera,7
FITG,27/05/2012,Green,Hemiptera,66
FITG,27/05/2012,Green,Collembola,201
FITG,27/05/2012,Green,Diptera,121
FITG,27/05/2012,Green,Lepidoptera,2
FITG,27/05/2012,Green,Araneae,8
FITG,27/05/2012,Green,Gastropoda,1
FITG,27/05/2012,Green,Orthoptera,3
FITG,27/05/2012,Green,Hymenoptera,21
FITG,27/05/2012,Green,Coleoptera,2
FITG,27/05/2012,Green,Hemiptera,178
FITG,27/05/2012,Green,Collembola,168
FITG,27/05/2012,Green,Araneae,1
FITG,27/05/2012,Green,Hymenoptera,5
FITG,27/05/2012,Green,Diptera,160
FITG,27/05/2012,Green,Gastropoda,2
FITG,27/05/2012,Green,Collembola,656
FITG,27/05/2012,Green,Hymenoptera,23
FITG,27/05/2012,Green,Coleoptera,2
FITG,27/05/2012,Green,Hemiptera,226
FITG,27/05/2012,Green,Orthoptera,1
FITG,07/06/2012,Green,Hymenoptera,64
FITG,07/06/2012,Green,Coleoptera,9
FITG,07/06/2012,Green,Diptera,178
FITG,07/06/2012,Green,Gastropoda,2
FITG,07/06/2012,Green,Lepidoptera,4
FITG,07/06/2012,Green,Araneae,20
FITG,07/06/2012,Green,Orthoptera,8
FITG,07/06/2012,Green,Isopoda,4
FITG,07/06/2012,Green,Collembola,1736
FITG,07/06/2012,Green,Hemiptera,39
FITG,07/06/2012,Green,Orthoptera,3
FITG,18/06/2012,Green,Gastropoda,2
FITG,18/06/2012,Green,Diptera,122
FITG,18/06/2012,Green,Araneae,34
FITG,18/06/2012,Green,Isopoda,9
FITG,18/06/2012,Green,Hymenoptera,27
FITG,18/06/2012,Green,Orthoptera,3
FITG,18/06/2012,Green,Coleoptera,2
FITG,18/06/2012,Green,Lepidoptera larvae,2
FITG,18/06/2012,Green,Hemiptera,387
FITG,18/06/2012,Green,Lepidoptera,2
FITG,28/07/2012,Green,Orthoptera,1
FITG,28/07/2012,Green,Lepidoptera,5
FITG,28/07/2012,Green,Coleoptera,4
FITG,28/07/2012,Green,Hemiptera,32
FITG,28/07/2012,Green,Diptera,136
FITG,28/07/2012,Green,Hymenoptera,35
FITG,28/07/2012,Green,Araneae,26
FITG,28/07/2012,Green,Collembola,2
FITG,28/07/2012,Green,Acari,1
FITG,28/07/2012,Green,Araneae,78
FITG,28/07/2012,Green,Hymenoptera,119
FITG,28/07/2012,Green,Coleoptera,13
FITG,28/07/2012,Green,Gastropoda,2
FITG,28/07/2012,Green,Gastropoda,3
FITG,28/07/2012,Green,Lepidoptera larvae,4
FITG,28/07/2012,Green,Lepidoptera,4
FITG,28/07/2012,Green,Hemiptera,53
FITG,28/07/2012,Green,Diptera,193
FITG,28/07/2012,Green,Phthiraptera,1
FITG,28/07/2012,Green,Collembola,11
FITC,05/07/2011,Conventional,Hemiptera,125
FITC,05/07/2011,Conventional,Lepidoptera,4
FITC,05/07/2011,Conventional,Hymenoptera,7
FITC,05/07/2011,Conventional,Diptera,36
FITC,05/07/2011,Conventional,Araneae,3
FITC,05/07/2011,Conventional,Thysanoptera,5
FITC,27/04/2012,Conventional,Hymenoptera,4
FITC,27/04/2012,Conventional,Diptera,24
FITC,27/04/2012,Conventional,Hemiptera,171
FITC,27/04/2012,Conventional,Diptera,23
FITC,27/04/2012,Conventional,Hemiptera,93
FITC,04/05/2012,Conventional,Hymenoptera,2
FITC,04/05/2012,Conventional,Diptera,14
FITC,04/05/2012,Conventional,Hemiptera,54
FITC,11/05/2012,Conventional,Lepidoptera,1
FITC,11/05/2012,Conventional,Coleoptera,1
FITC,11/05/2012,Conventional,Diptera,13
FITC,11/05/2012,Conventional,Hymenoptera,1
FITC,11/05/2012,Conventional,Hemiptera,237
FITC,11/05/2012,Conventional,Lepidoptera,3
FITC,11/05/2012,Conventional,Hymenoptera,1
FITC,11/05/2012,Conventional,Coleoptera,2
FITC,11/05/2012,Conventional,Diptera,58
FITC,11/05/2012,Conventional,Thysanoptera,1386
FITC,27/05/2012,Conventional,Diptera,39
FITC,27/05/2012,Conventional,Hymenoptera,4
FITC,27/05/2012,Conventional,Coleoptera,2
FITC,27/05/2012,Conventional,Hemiptera,269
FITC,07/06/2012,Conventional,Araneae,2
FITC,07/06/2012,Conventional,Diptera,10
FITC,07/06/2012,Conventional,Hemiptera,32
FITC,18/06/2012,Conventional,Diptera,53
FITC,18/06/2012,Conventional,Coleoptera,4
FITC,18/06/2012,Conventional,Diplopoda,1
FITC,18/06/2012,Conventional,Isopoda,1
FITC,18/06/2012,Conventional,Hemiptera,127
FITC,28/07/2012,Conventional,Lepidoptera,2
FITC,28/07/2012,Conventional,Hymenoptera,4
FITC,28/07/2012,Conventional,Diptera,32
FITC,28/07/2012,Conventional,Araneae,3
FITC,28/07/2012,Conventional,Coleoptera,1
FITC,28/07/2012,Conventional,Hemiptera,21
ESG,26/05/2011,Green,Hemiptera,11
ESG,26/05/2011,Green,Diptera,3
ESG,26/05/2011,Green,Hymenoptera,3
ESG,26/05/2011,Green,Coleoptera,2
ESG,26/05/2011,Green,Hymenoptera,5
ESG,26/05/2011,Green,Coleoptera,2
ESG,26/05/2011,Green,Diptera,6
ESG,26/05/2011,Green,Hemiptera,6
GSG,26/05/2011,Green,Araneae,1
GSG,26/05/2011,Green,Thysanoptera,4
GSG,18/05/2011,Green,Diptera,35
GSG,18/05/2011,Green,Hymenoptera,7
GSG,18/05/2011,Green,Isopoda,1
GSG,18/05/2011,Green,Acari,3
GSG,18/05/2011,Green,Coleoptera,5
GSG,18/05/2011,Green,Hemiptera,6
GSG,25/05/2011,Green,Isopoda,1
GSG,25/05/2011,Green,Diptera,30
GSG,25/05/2011,Green,Hymenoptera,8
GSG,25/05/2011,Green,Coleoptera,6
GSG,25/05/2011,Green,Hemiptera,48
GSG,25/05/2011,Green,Thysanoptera,62
GSG,25/05/2011,Green,Araneae,1
GSG,25/05/2011,Green,Collembola,2
GSG,02/06/2011,Green,Diptera,25
GSG,02/06/2011,Green,Hemiptera,60
GSG,02/06/2011,Green,Hymenoptera,4
GSG,02/06/2011,Green,Coleoptera,2
GSG,02/06/2011,Green,Diptera,64
GSG,02/06/2011,Green,Araneae,1
GSG,02/06/2011,Green,Hymenoptera,2
GSG,02/06/2011,Green,Hemiptera,9
GSG,02/06/2011,Green,Collembola,11
GSG,02/06/2011,Green,Diptera,19
GSG,02/06/2011,Green,Coleoptera,19
GSG,02/06/2011,Green,Lepidoptera,1
GSG,02/06/2011,Green,Hymenoptera,5
GSG,02/06/2011,Green,Hemiptera,40
GSG,02/06/2011,Green,Thysanoptera,62
GSG,02/06/2011,Green,Collembola,34
GSG,09/06/2011,Green,Diptera,23
GSG,09/06/2011,Green,Hymenoptera,5
GSG,09/06/2011,Green,Lepidoptera,1
GSG,09/06/2011,Green,Hemiptera,28
GSG,09/06/2011,Green,Coleoptera,5
GSG,09/06/2011,Green,Araneae,3
GSG,09/06/2011,Green,Diptera,7
GSG,09/06/2011,Green,Coleoptera,1
GSG,09/06/2011,Green,Hymenoptera,2
GSG,09/06/2011,Green,Hemiptera,45
GSG,09/06/2011,Green,Thysanoptera,105
GSG,09/06/2011,Green,Collembola,15
GSG,17/06/2011,Green,Diptera,11
GSG,17/06/2011,Green,Hemiptera,14
GSG,17/06/2011,Green,Hymenoptera,4
GSG,17/06/2011,Green,Thysanoptera,55
GSG,17/06/2011,Green,Acari,344
GSG,17/06/2011,Green,Collembola,48
GSG,17/06/2011,Green,Coleoptera,6
GSG,17/06/2011,Green,Diptera,46
GSG,17/06/2011,Green,Hymenoptera,18
GSG,17/06/2011,Green,Gastropoda,1
GSG,17/06/2011,Green,Orthoptera,1
GSG,17/06/2011,Green,Dermaptera,1
GSG,17/06/2011,Green,Hemiptera,28
GSG,17/06/2011,Green,Araneae,1
GSG,17/06/2011,Green,Thysanoptera,23
GSG,17/06/2011,Green,Phthiraptera,1
GSG,23/06/2011,Green,Diptera,12
GSG,23/06/2011,Green,Coleoptera,1
GSG,23/06/2011,Green,Collembola,9
GSG,23/06/2011,Green,Thysanoptera,56
GSG,23/06/2011,Green,Diptera,75
GSG,23/06/2011,Green,Hymenoptera,3
GSG,23/06/2011,Green,Hemiptera,44
GSG,23/06/2011,Green,Coleoptera,4
GSG,23/06/2011,Green,Thysanoptera,34
GSG,23/06/2011,Green,Collembola,2
GSG,01/07/2011,Green,Hymenoptera,135
GSG,01/07/2011,Green,Thysanoptera,1311
GSG,01/07/2011,Green,Hymenoptera,2
GSG,01/07/2011,Green,Hemiptera,1
GSG,08/07/2011,Green,Diptera,86
GSG,08/07/2011,Green,Hemiptera,41
GSG,08/07/2011,Green,Hymenoptera,10
GSG,08/07/2011,Green,Thysanoptera,1
GSG,08/07/2011,Green,Gastropoda,7
GSG,08/07/2011,Green,Coleoptera,8
GSG,08/07/2011,Green,UID,1
GSG,08/07/2011,Green,Collembola,10
GSG,08/07/2011,Green,Thysanoptera,37
GSG,08/07/2011,Green,Dermaptera,1
GSG,11/07/2011,Green,Diptera,52
GSG,11/07/2011,Green,Hymenoptera,8
GSG,11/07/2011,Green,Hemiptera,45
GSG,11/07/2011,Green,Thysanoptera,49
GSG,11/07/2011,Green,Coleoptera,4
GSG,11/07/2011,Green,Araneae,1
GSG,27/04/2012,Green,Diptera,10
GSG,27/04/2012,Green,Hemiptera,4
GSG,27/04/2012,Green,Coleoptera,1
GSG,27/04/2012,Green,Isopoda,1
GSG,27/04/2012,Green,Acari,1
GSG,27/04/2012,Green,Diptera,12
GSG,27/04/2012,Green,Hemiptera,2
GSG,22/05/2012,Green,Lepidoptera,1
GSG,22/05/2012,Green,Gastropoda,1
GSG,22/05/2012,Green,Diptera,66
GSG,22/05/2012,Green,Hymenoptera,23
GSG,22/05/2012,Green,Lepidoptera larvae,1
GSG,22/05/2012,Green,Hemiptera,21
GSG,22/05/2012,Green,Isopoda,2
GSG,22/05/2012,Green,Collembola,46
GSG,22/05/2012,Green,Araneae,7
GSG,22/05/2012,Green,Acari,1
GSG,22/05/2012,Green,Coleoptera,15
GSG,22/05/2012,Green,Hymenoptera,7
GSG,22/05/2012,Green,Diptera,26
GSG,22/05/2012,Green,Hemiptera,12
GSG,22/05/2012,Green,Coleoptera,5
GSG,22/05/2012,Green,Thysanoptera,67
GSG,22/05/2012,Green,Araneae,2
GSG,05/06/2012,Green,Hemiptera,14
GSG,05/06/2012,Green,Diptera,66
GSG,05/06/2012,Green,Araneae,5
GSG,05/06/2012,Green,Hymenoptera,29
GSG,05/06/2012,Green,Isopoda,4
GSG,05/06/2012,Green,Coleoptera,4
GSG,05/06/2012,Green,Neuroptera,1
GSG,05/06/2012,Green,Orthoptera,2
GSG,05/06/2012,Green,Lepidoptera,1
GSG,15/06/2012,Green,Hymenoptera,16
GSG,15/06/2012,Green,Diptera,14
GSG,15/06/2012,Green,Gastropoda,1
GSG,15/06/2012,Green,Lepidoptera larvae,2
GSG,15/06/2012,Green,Coleoptera,4
GSG,15/06/2012,Green,Hemiptera,10
GSG,27/06/2012,Green,Hymenoptera,22
GSG,27/06/2012,Green,Diptera,17
GSG,27/06/2012,Green,Hemiptera,8
GSG,27/06/2012,Green,Coleoptera,4
GSG,27/06/2012,Green,Araneae,2
GSG,27/06/2012,Green,Acari,1
GSG,27/06/2012,Green,Thysanoptera,6
GSG,27/06/2012,Green,Collembola,9
GSG,27/06/2012,Green,Hymenoptera,34
GSG,27/06/2012,Green,Diptera,76
GSG,27/06/2012,Green,Hemiptera,37
GSG,27/06/2012,Green,Lepidoptera,1
GSG,27/06/2012,Green,Araneae,4
GSG,27/06/2012,Green,Collembola,21
GSG,27/06/2012,Green,Gastropoda,1
GSG,27/06/2012,Green,Coleoptera,8
GSG,27/06/2012,Green,Thysanoptera,75
GSG,11/07/2012,Green,Hymenoptera,15
GSG,11/07/2012,Green,Diptera,36
GSG,11/07/2012,Green,Hemiptera,1
GSG,11/07/2012,Green,Lepidoptera,1
GSG,11/07/2012,Green,Araneae,9
GSG,11/07/2012,Green,Coleoptera,4
GSG,11/07/2012,Green,Hemiptera,37
ESC,26-May,Conventional,Diptera,8
ESC,26-May,Conventional,Hemiptera,7
ESC,26-May,Conventional,Thysanoptera,1
GSC,25/05/2011,Conventional,Diptera,8
GSC,25/05/2011,Conventional,Hemiptera,7
GSC,25/05/2011,Conventional,Thysanoptera,1
GSC,02/06/2011,Conventional,Diptera,5
GSC,02/06/2011,Conventional,Thysanoptera,137
GSC,02/06/2011,Conventional,Hymenoptera,1
GSC,09/06/2011,Conventional,Diptera,10
GSC,09/06/2011,Conventional,Hemiptera,5
GSC,09/06/2011,Conventional,Thysanoptera,19
GSC,09/06/2011,Conventional,Lepidoptera,1
GSC,17/06/2011,Conventional,Diptera,9
GSC,17/06/2011,Conventional,Hemiptera,6
GSC,17/06/2011,Conventional,Thysanoptera,5
GSC,23/06/2011,Conventional,Diptera,16
GSC,23/06/2011,Conventional,Hemiptera,5
GSC,23/06/2011,Conventional,Hymenoptera,1
GSC,23/06/2011,Conventional,Araneae,1
GSC,23/06/2011,Conventional,Thysanoptera,6
GSC,23/06/2011,Conventional,Coleoptera,1
GSC,01/07/2011,Conventional,Diptera,14
GSC,01/07/2011,Conventional,Hymenoptera,2
GSC,01/07/2011,Conventional,Hemiptera,2
GSC,08/07/2011,Conventional,Coleoptera,1
GSC,08/07/2011,Conventional,Diptera,17
GSC,08/07/2011,Conventional,Araneae,1
GSC,08/07/2011,Conventional,Hymenoptera,3
GSC,08/07/2011,Conventional,Hemiptera,10
GSC,27/04/2012,Conventional,Hymenoptera,1
GSC,27/04/2012,Conventional,Hemiptera,3
GSC,22/05/2012,Conventional,Hymenoptera,1
GSC,22/05/2012,Conventional,Diptera,10
GSC,22/05/2012,Conventional,Hemiptera,16
GSC,05/06/2012,Conventional,Hymenoptera,1
GSC,05/06/2012,Conventional,Hemiptera,1
GSC,05/06/2012,Conventional,Thysanoptera,24
GSC,15/06/2012,Conventional,Diptera,9
GSC,15/06/2012,Conventional,Hemiptera,34
GSC,15/06/2012,Conventional,Hymenoptera,2
GSC,15/06/2012,Conventional,Thysanoptera,4
GSC,27/06/2012,Conventional,Diptera,2
GSC,27/06/2012,Conventional,Hymenoptera,1
GSC,27/06/2012,Conventional,Lepidoptera,1
GSC,27/06/2012,Conventional,Phthiraptera,1
GSC,27/06/2012,Conventional,Hemiptera,1
GSC,27/06/2012,Conventional,Thysanoptera,4
GSC,11/07/2012,Conventional,Diptera,1
GSC,11/07/2012,Conventional,Hemiptera,3
