"3 October. 2016.  Data for Yakub and Tiffin, GCB, 2016",,,,,,,,,,,,,,,,,,,,,,,,,,,,
,,,,,,,,,,,,,,,,,,,,,,,,,,,,
,,,,,,,,,,,,,,,,,,,,,,,,,,,,
mom_ID,a unique identifier for maternal plant,,,,,,,,,,,,,,,,,,,,,,,,,,,
R_U,rural or urban,,,,,,,,,,,,,,,,,,,,,,,,,,,
clust_1,Instruct assinged cluster or subpopulation,,,,,,,,,,,,,,,,,,,,,,,,,,,
clust_2,Instruct assinged cluster or subpopulation,,,,,,,,,,,,,,,,,,,,,,,,,,,
clust_3,Instruct assinged cluster or subpopulation,,,,,,,,,,,,,,,,,,,,,,,,,,,
maj_clus,Primary subpopulation plant was assinged to,,,,,,,,,,,,,,,,,,,,,,,,,,,
state,State of origin,,,,,,,,,,,,,,,,,,,,,,,,,,,
pop,,,,,,,,,,,,,,,,,,,,,,,,,,,,
location,sampling location,,,,,,,,,,,,,,,,,,,,,,,,,,,
germ_day,date plant germinated -- from time of planting,,,,,,,,,,,,,,,,,,,,,,,,,,,
g_date,germination date using Excel's screwy format,,,,,,,,,,,,,,,,,,,,,,,,,,,
germ,"yes, no",,,,,,,,,,,,,,,,,,,,,,,,,,,
early_wid,width of rosette before flowering,,,,,,,,,,,,,,,,,,,,,,,,,,,
early_ht,height of plant before flowering,,,,,,,,,,,,,,,,,,,,,,,,,,,
early_RD,early size -- width X height,,,,,,,,,,,,,,,,,,,,,,,,,,,
morph,leaf morphology,,,,,,,,,,,,,,,,,,,,,,,,,,,
b_date,bolting date (Excel's screwy date format),,,,,,,,,,,,,,,,,,,,,,,,,,,
bolt,"yes, no",,,,,,,,,,,,,,,,,,,,,,,,,,,
day_PtoB,days from planting to bolting,,,,,,,,,,,,,,,,,,,,,,,,,,,
day_GtoB,days from germination to bolting,,,,,,,,,,,,,,,,,,,,,,,,,,,
RD,rosette diameter at flowering,,,,,,,,,,,,,,,,,,,,,,,,,,,
lvs,leaf number at flowering,,,,,,,,,,,,,,,,,,,,,,,,,,,
f_date,flowering date,,,,,,,,,,,,,,,,,,,,,,,,,,,
day_PtoF,days planting to flowering,,,,,,,,,,,,,,,,,,,,,,,,,,,
day_GtoF,days germination to flowering,,,,,,,,,,,,,,,,,,,,,,,,,,,
day_BtoF,days bolting to flowering,,,,,,,,,,,,,,,,,,,,,,,,,,,
end_ht,height at senescence,,,,,,,,,,,,,,,,,,,,,,,,,,,
branches,branches at senescence,,,,,,,,,,,,,,,,,,,,,,,,,,,
fruit,number of fruits produced,,,,,,,,,,,,,,,,,,,,,,,,,,,
,,,,,,,,,,,,,,,,,,,,,,,,,,,,
,,,,,,,,,,,,,,,,,,,,,,,,,,,,
,,,,,,,,,,,,,,,,,,,,,,,,,,,,
,,,,,,,,,,,,,,,,,,,,,,,,,,,,
,,,,,,,,,,,,,,,,,,,,,,,,,,,,
mom_ID,R_U,clust_1,clust_2,clust_3,maj_clus,state,pop,location,germ_day,g_date,germ,early_wid,early_ht,early_RD,morph,b_date,bolt,day_PtoB,day_GtoB,RD,lvs,f_date,day_PtoF,day_GtoF,day_BtoF,end_ht,branches,fruit
1,U,,,,,NY,U_NY,Astoria,5,41980,1,22.5,9.5,213.75,pieced,42094,1,119,114,21,46,42139,164,159,45,69,7,1720
2,U,1,0,0,1,NY,U_NY,Astoria,5,41980,1,18.5,5.2,96.2,pieced,42108,1,133,128,18,50,42136,161,156,28,80,20,1470
3,U,1,0,0,1,NY,U_NY,Astoria,5,41980,1,15,3.8,57,pieced,42104,1,129,124,18,45,42132,157,152,28,91,19,1570
4,U,1,0,0,1,NY,U_NY,Astoria,13,41988,1,21.5,5,107.5,pieced,42094,1,119,106,16,44,42125,150,137,31,85,13,1780
5,U,,,,,NY,U_NY,Astoria,7,41982,1,20.5,5.6,114.8,pieced,42097,1,122,115,16,60,42132,157,150,35,84,22,2750
6,U,1,0,0,1,NY,U_NY,Bronx,7,41982,1,15,4.6,69,whole,42094,1,119,112,20,50,42150,175,168,56,42,9,1970
7,U,1,0,0,1,NY,U_NY,Bronx,5,41980,1,15,5.4,81,pieced,42047,1,72,67,15,29,42115,140,135,68,52,9,2000
8,U,1,0,0,1,NY,U_NY,Bronx,7,41982,1,12.5,2.8,35,whole,42101,1,126,119,16.5,38,42132,157,150,31,63,7,2650
9,U,1,0,0,1,NY,U_NY,Bronx,5,41980,1,12.5,5.2,65,pieced,42094,1,119,114,21,40,42118,143,138,24,60,15,2370
10,U,,,,,NY,U_NY,Bronx,23,41998,1,18.5,5,92.5,whole,42076,1,101,78,14,20,42122,147,124,46,77,7,1060
11,U,,,,,NY,U_NY,Columbia,,,0,,,,,,0,,,,,,,,,,,
12,U,0.88,0,0.119,1,NY,U_NY,Columbia,,,0,,,,,,0,,,,,,,,,,,
13,U,1,0,0,1,NY,U_NY,Columbia,9,41984,1,13,4.4,57.2,pieced,42101,1,126,117,21,46,42139,164,155,38,66,4,3750
14,U,,,,,NY,U_NY,Columbia,56,42031,1,4.5,1.8,8.1,whole,42111,1,136,80,20,26,42132,157,101,21,75,8,1950
15,U,,,,,NY,U_NY,Columbia,,,0,,,,,,0,,,,,,,,,,,
16,U,,,,,NY,U_NY,JC Central ave,,,0,,,,,,0,,,,,,,,,,,
17,U,0.954,0,0.046,1,NY,U_NY,JC Central ave,9,41984,1,14.5,4.5,65.25,whole,42108,1,133,124,12,24,42139,164,155,31,78,11,870
18,U,1,0,0,1,NY,U_NY,JC Central ave,5,41980,1,18,6.5,117,whole,42083,1,108,103,17,36,42132,157,152,49,50,10,1930
19,U,,,,,NY,U_NY,JC Central ave,5,41980,1,17,3.6,61.2,whole,42083,1,108,103,18,40,42122,147,142,39,60,10,2460
20,U,,,,,NY,U_NY,JC Central ave,5,41980,1,16,6.8,108.8,whole,42080,1,105,100,15,36,42122,147,142,42,70,10,1710
21,U,1,0,0,1,NY,U_NY,JC Bail Bonds,13,41988,1,20,4.6,92,pieced,42061,1,86,73,17.5,17,42097,122,109,36,46,,3250
22,U,1,0,0,1,NY,U_NY,JC Bail Bonds,5,41980,1,13,4.6,59.8,pieced,42097,1,122,117,15,36,42118,143,138,21,60,6,1920
23,U,1,0,0,1,NY,U_NY,JC Bail Bonds,5,41980,1,19,3.6,68.4,pieced,42090,1,115,110,22,42,42108,133,128,18,49,9,3570
24,U,,,,,NY,U_NY,JC Bail Bonds,5,41980,1,13,3,39,pieced,42097,1,122,117,22.5,50,42122,147,142,25,47,8,2330
25,U,,,,,NY,U_NY,JC Bail Bonds,23,41998,1,15.5,7,108.5,pieced,42104,1,129,106,30,50,42125,150,127,21,62,11,300
26,U,1,0,0,1,NY,U_NY,Washington Hgts,7,41982,1,19.5,4.2,81.9,whole,,0,,,,,,,,,,,
27,U,1,0,0,1,NY,U_NY,Washington Hgts,56,42031,1,11,3.8,41.8,whole,42118,1,143,87,22,32,42146,171,115,28,68,11,950
28,U,1,0,0,1,NY,U_NY,Washington Hgts,5,41980,1,15.5,4,62,whole,42111,1,136,131,20,70,42125,150,145,14,33,15,1400
29,U,0.95,0,0.049,1,NY,U_NY,Washington Hgts,13,41988,1,18,6.4,115.2,whole,42097,1,122,109,20,60,42122,147,134,25,70,11,2650
30,U,,,,,NY,U_NY,Washington Hgts,,,0,,,,whole,,0,,,,,,,,,,,
31,U,1,0,0,1,NY,U_NY,Red Hook,5,41980,1,14.5,4.2,60.9,pieced,42104,1,129,124,16,42,42125,150,145,21,71,9,1720
32,U,1,0,0,1,NY,U_NY,Red Hook,5,41980,1,15,3.2,48,pieced,42101,1,126,121,18,48,42125,150,145,24,65,8,2120
33,U,0.98,0.02,0,1,NY,U_NY,Red Hook,5,41980,1,15,4.5,67.5,pieced,42108,1,133,128,21,56,42125,150,145,17,63,10,2900
34,U,,,,,NY,U_NY,Red Hook,,,0,,,,,,0,,,,,,,,,,,
35,U,1,0,0,1,NY,U_NY,Red Hook,,,0,,,,,,0,,,,,,,,,,,
36,U,1,0,0,1,NY,U_NY,Staten Island,7,41982,1,15,4,60,pieced,42101,1,126,119,17,44,42118,143,136,17,56,11,2330
37,U,,,,,NY,U_NY,Staten Island,5,41980,1,13.5,3.6,48.6,whole,42055,1,80,75,15,21,42094,119,114,39,50,8,1570
38,U,1,0,0,1,NY,U_NY,Staten Island,5,41980,1,12,5.5,66,whole,42090,1,115,110,13,40,42108,133,128,18,48,8,1110
39,U,1,0,0,1,NY,U_NY,Staten Island,9,41984,1,14,4.6,64.4,pieced,42069,1,94,85,17.5,25,42104,129,120,35,53,8,1780
40,U,,,,,NY,U_NY,Staten Island,5,41980,1,14,3.6,50.4,pieced,42090,1,115,110,12.5,26,42111,136,131,21,54,7,1500
41,R,1,0,0,1,NY,R_NY,Armonk,5,41980,1,14,6.2,86.8,whole,42122,1,147,142,20,66,42139,164,159,17,39,9,930
42,R,0.972,0,0.028,1,NY,R_NY,Armonk,13,41988,1,16,4.4,70.4,whole,42104,1,129,116,19,48,42122,147,134,18,43,7,2090
43,R,1,0,0,1,NY,R_NY,Armonk,5,41980,1,15,3,45,whole,42094,1,119,114,20,36,42139,164,159,45,52,7,1990
44,R,,,,,NY,R_NY,Armonk,23,41998,1,16.5,4.5,74.25,pieced,42122,1,147,124,22,62,42132,157,134,10,30,10,1520
45,R,,,,,NY,R_NY,Armonk,7,41982,1,11,5,55,whole,42136,1,161,154,17,,,,,,45,8,680
46,R,1,0,0,1,NY,R_NY,Outside Calder,5,41980,1,16,5.5,88,whole,42097,1,122,117,13,30,42129,154,149,32,73,13,2230
47,R,1,0,0,1,NY,R_NY,Outside Calder,23,41998,1,16,4.4,70.4,whole,42118,1,143,120,19,30,42150,175,152,32,87,9,1070
48,R,1,0,0,1,NY,R_NY,Outside Calder,7,41982,1,16,5,80,whole,42101,1,126,119,16,52,42132,157,150,31,67,16,1750
49,R,,,,,NY,R_NY,Outside Calder,5,41980,1,16.5,4.5,74.25,whole,42090,1,115,110,19,29,42122,147,142,32,57,17,1990
50,R,,,,,NY,R_NY,Outside Calder,5,41980,1,10,5.8,58,whole,42097,1,122,117,17,34,42129,154,149,32,60,8,2470
51,R,1,0,0,1,NY,R_NY,Riverhead,5,41980,1,15,5,75,whole,42090,1,115,110,16,30,42132,157,152,42,74,14,1580
52,R,1,0,0,1,NY,R_NY,Riverhead,5,41980,1,13,3.2,41.6,whole,42097,1,122,117,20,40,42142,167,162,45,44,7,2060
53,R,1,0,0,1,NY,R_NY,Riverhead,13,41988,1,16.5,7.2,118.8,pieced,42108,1,133,120,22,60,42139,164,151,31,63,20,3100
54,R,,,,,NY,R_NY,Riverhead,5,41980,1,13,3.3,42.9,pieced,42118,1,143,138,14,70,42129,154,149,11,34,10,2170
55,R,,,,,NY,R_NY,Riverhead,5,41980,1,14.5,6.2,89.9,whole,42094,1,119,114,19,34,42118,143,138,24,64,6,2750
56,R,1,0,0,1,NY,R_NY,Manorville,5,41980,1,16,3.8,60.8,whole,42104,1,129,124,19,52,42129,154,149,25,65,13,2300
57,R,1,0,0,1,NY,R_NY,Manorville,5,41980,1,16.5,5.5,90.75,whole,42104,1,129,124,22,42,42139,164,159,35,67,8,2290
58,R,1,0,0,1,NY,R_NY,Manorville,5,41980,1,15.5,4,62,whole,42097,1,122,117,19.5,44,42122,147,142,25,76,14,3100
59,R,,,,,NY,R_NY,Manorville,5,41980,1,20.5,7,143.5,whole,42101,1,126,121,21,50,42136,161,156,35,76,5,4300
60,R,1,0,0,1,NY,R_NY,Perrinveville,20,41995,1,13,4.2,54.6,pieced,42150,1,175,155,16,,,,,,56,5,520
61,R,1,0,0,1,NY,R_NY,Perrinveville,5,41980,1,16,4.6,73.6,pieced,42118,1,143,138,19,44,42136,161,156,18,49,7,1230
62,R,1,0,0,1,NY,R_NY,Perrinveville,23,41998,1,16,4.2,67.2,pieced,42118,1,143,120,20,40,42136,161,138,18,38,6,670
63,R,,,,,NY,R_NY,Perrinveville,5,41980,1,12,3,36,pieced,42122,1,147,142,17,60,42136,161,156,14,38,10,1550
64,R,,,,,NY,R_NY,Perrinveville,13,41988,1,12.5,4,50,pieced,42122,1,147,134,19,60,42139,164,151,17,42,8,1750
65,R,,,,,NY,R_NY,Perrinveville,5,41980,1,13.5,4,54,pieced,42125,1,150,145,15,70,42150,175,170,25,38,,1000
66,R,1,0,0,1,NY,R_NY,Southampton,9,41984,1,15.5,3,46.5,pieced,42118,1,143,134,18,48,42132,157,148,14,48,8,1300
67,R,1,0,0,1,NY,R_NY,Southampton,5,41980,1,18,3.5,63,pieced,42118,1,143,138,20,70,42142,167,162,24,44,9,2160
68,R,1,0,0,1,NY,R_NY,Southampton,5,41980,1,12,3.4,40.8,pieced,42122,1,147,142,20,50,42132,157,152,10,28,6,780
69,R,,,,,NY,R_NY,Southampton,9,41984,1,18,4.2,75.6,pieced,42101,1,126,117,15,42,42129,154,145,28,75,20,2050
70,R,,,,,NY,R_NY,Southampton,9,41984,1,22,4.5,99,pieced,42097,1,122,113,16,42,42132,157,148,35,60,6,1600
71,R,1,0,0,1,NY,R_NY,Medford,5,41980,1,16.5,4.5,74.25,whole,42101,1,126,121,15,40,42132,157,152,31,63,9,1100
72,R,,,,,NY,R_NY,Medford,7,41982,1,13.5,3,40.5,whole,42094,1,119,112,20.5,50,42122,147,140,28,50,10,2400
73,R,0.972,0.011,0.016,1,NY,R_NY,Medford,13,41988,1,9,2.5,22.5,pieced,42101,1,126,113,10,28,42132,157,144,31,57,16,1540
74,R,,,,,NY,R_NY,Medford,7,41982,1,19,4.2,79.8,pieced,42097,1,122,115,15,52,42142,167,160,45,60,5,3280
75,R,,,,,NY,R_NY,Medford,,,0,,,,,,0,,,,,,,,,,,
76,R,,,,,NY,R_NY,Nazareth,,,0,,,,,,0,,,,,,,,,,,
77,R,1,0,0,1,NY,R_NY,Nazareth,7,41982,1,18.5,4.5,83.25,whole,42104,1,129,122,18,60,42125,150,143,21,68,15,2580
78,R,1,0,0,1,NY,R_NY,Nazareth,7,41982,1,13.5,3.5,47.25,whole,42101,1,126,119,18,44,42125,150,143,24,65,17,3040
79,R,,,,,NY,R_NY,Nazareth,5,41980,1,14.5,7.2,104.4,whole,42094,1,119,114,15,34,42125,150,145,31,73,16,1810
80,R,,,,,NY,R_NY,Nazareth,56,42031,1,11,5.2,57.2,whole,42111,1,136,80,20,30,42132,157,101,21,71,8,830
81,U,1,0,0,1,MSP,U_MSP,Jetset,16,41991,1,21,3.9,81.9,whole,42101,1,126,110,14,30,42125,150,134,24,69,10,1060
82,U,1,0,0,1,MSP,U_MSP,Jetset,5,41980,1,19.5,4,78,whole,42094,1,119,114,16,40,42125,150,145,31,57,17,1580
83,U,1,0,0,1,MSP,U_MSP,Jetset,7,41982,1,18.5,3.2,59.2,whole,42108,1,133,126,18,36,42125,150,143,17,80,12,1610
84,U,1,0,0,1,MSP,U_MSP,Jetset,,,0,,,,,,0,,,,,,,,,,,
85,U,,,,,MSP,U_MSP,Jetset,13,41988,1,22,4,88,whole,42111,1,136,123,23,24,42142,167,154,31,66,9,800
86,U,,,,,MSP,U_MSP,Jetset,9,41984,1,23,5.2,119.6,whole,42101,1,126,117,24.5,48,42125,150,141,24,63,15,1440
87,U,1,0,0,1,MSP,U_MSP,Turf Club,5,41980,1,7,1,7,pieced,42125,1,150,145,,70,,,,,40,12,400
88,U,1,0,0,1,MSP,U_MSP,Turf Club,20,41995,1,19,3.2,60.8,pieced,42101,1,126,106,15,44,42129,154,134,28,75,9,1820
89,U,1,0,0,1,MSP,U_MSP,Turf Club,,,0,,,,,,0,,,,,,,,,,,
90,U,,,,,MSP,U_MSP,Turf Club,5,41980,1,20,3,60,pieced,42097,1,122,117,16,30,42129,154,149,32,72,11,2000
91,U,,,,,MSP,U_MSP,Turf Club,5,41980,1,14.5,2.7,39.15,pieced,42097,1,122,117,17,36,42125,150,145,28,62,11,2110
92,U,1,0,0,1,MSP,U_MSP,Turf Club,5,41980,1,8.5,3,25.5,pieced,42139,1,164,159,12,,,,,,28,5,420
93,U,0,0,1,3,MSP,U_MSP,Bull run ,5,41980,1,9,1,9,pieced,42111,1,136,131,11,,,,,,,,
94,U,0.05,0,0.95,3,MSP,U_MSP,Bull run ,5,41980,1,10,2,20,pieced,,0,,,,,,,,,,,
95,U,0,0,1,3,MSP,U_MSP,Bull run ,5,41980,1,12,1,12,pieced,42115,1,140,135,20,70,42129,154,149,14,41,8,590
96,U,,,,,MSP,U_MSP,Bull run ,5,41980,1,11,1,11,pieced,42108,1,133,128,15,66,42118,143,138,10,33,8,1560
97,U,0.03,0,0.97,3,MSP,U_MSP,Jungle theater,5,41980,1,11.5,3,34.5,pieced,42115,1,140,135,14,58,,,,,33,7,230
98,U,,,,,MSP,U_MSP,Jungle theater,5,41980,1,9.5,2.5,23.75,pieced,42115,1,140,135,12,50,,,,,33,7,580
99,U,0,0,1,3,MSP,U_MSP,Jungle theater,5,41980,1,7,0.5,3.5,pieced,42115,1,140,135,15,64,,,,,31,7,750
100,U,,,,,MSP,U_MSP,Jungle theater,5,41980,1,10,3,30,pieced,42132,1,157,152,,,,,,,,,
101,U,1,0,0,1,MSP,U_MSP,st_ Paul ,5,41980,1,17.5,4,70,whole,42094,1,119,114,17,52,42132,157,152,38,68,7,2180
102,U,1,0,0,1,MSP,U_MSP,st_ Paul ,5,41980,1,21,3.5,73.5,whole,42083,1,108,103,17,32,42104,129,124,21,59,10,2000
103,U,,,,,MSP,U_MSP,st_ Paul ,5,41980,1,17,4.2,71.4,whole,42094,1,119,114,22,42,42132,157,152,38,49,9,2720
104,U,,,,,MSP,U_MSP,st_ Paul ,7,41982,1,17,6,102,whole,42094,1,119,112,25,52,42132,157,150,38,62,9,1740
105,U,,,,,MSP,U_MSP,st_ Paul ,5,41980,1,12,3.8,45.6,whole,42094,1,119,114,22,40,42139,164,159,45,54,,2300
106,U,1,0,0,1,MSP,U_MSP,Camp,20,41995,1,19.5,4.2,81.9,whole,42097,1,122,102,20,26,42129,154,134,32,74,8,2340
107,U,1,0,0,1,MSP,U_MSP,Camp,7,41982,1,17.5,4.8,84,pieced,42101,1,126,119,21,52,42132,157,150,31,58,5,1810
108,U,1,0,0,1,MSP,U_MSP,Camp,5,41980,1,14,4.3,60.2,whole,42087,1,112,107,23,36,42111,136,131,24,48,15,1900
109,U,,,,,MSP,U_MSP,Camp,9,41984,1,19.5,5.2,101.4,whole,42087,1,112,103,19,34,42136,161,152,49,55,8,1910
110,U,,,,,MSP,U_MSP,Camp,13,41988,1,18.5,7,129.5,whole,42073,1,98,85,18,30,42101,126,113,28,45,10,1230
111,U,1,0,0,1,MSP,U_MSP,Wedge ,5,41980,1,17,7,119,whole,42111,1,136,131,23,38,42139,164,159,28,68,14,1310
112,U,1,0,0,1,MSP,U_MSP,Wedge ,9,41984,1,14,3.2,44.8,whole,42108,1,133,124,19,42,42125,150,141,17,54,20,1880
113,U,1,0,0,1,MSP,U_MSP,Wedge ,7,41982,1,15,2.8,42,whole,42108,1,133,126,16,42,42136,161,154,28,68,11,1220
114,U,1,0,0,1,MSP,U_MSP,Wedge ,9,41984,1,15,4.6,69,whole,42101,1,126,117,13.5,46,42125,150,141,24,52,18,2500
115,U,,,,,MSP,U_MSP,Wedge ,5,41980,1,15.5,5,77.5,whole,42097,1,122,117,18,44,42132,157,152,35,53,6,2490
116,R,0,0,1,3,MSP,R_MSP,Apple Valley,5,41980,1,9.5,0.5,4.75,pieced,42132,1,157,152,15,70,,,,,,,
117,R,0,0,1,3,MSP,R_MSP,Apple Valley,7,41982,1,11.5,2.6,29.9,pieced,42122,1,147,140,22,70,,,,,,,
118,R,0,0,1,3,MSP,R_MSP,Apple Valley,5,41980,1,10.5,1,10.5,pieced,42125,1,150,145,21,66,42150,175,170,25,35,12,900
119,R,0,0,1,3,MSP,R_MSP,Apple Valley,5,41980,1,8,1,8,pieced,42122,1,147,142,18,70,42146,171,166,24,27,7,
120,R,,,,,MSP,R_MSP,Apple Valley,9,41984,1,12.5,3,37.5,pieced,42122,1,147,138,21,70,42150,175,166,28,31,14,1040
121,R,0.001,0.001,0.998,3,MSP,R_MSP,Bethel _65_237,20,41995,1,9,2.5,22.5,pieced,42108,1,133,113,15,66,42129,154,134,21,60,10,1660
122,R,0,0,1,3,MSP,R_MSP,Bethel _65_237,5,41980,1,13.5,1.8,24.3,pieced,,1,,,,,,,,,,,
123,R,0,0,1,3,MSP,R_MSP,Bethel _65_237,20,41995,1,8,1,8,pieced,42108,1,133,113,19,62,42125,150,130,17,53,7,810
124,R,0,0,1,3,MSP,R_MSP,Bethel _65_237,9,41984,1,15,1,15,pieced,42101,1,126,117,14.5,62,42122,147,138,21,70,24,3360
125,R,,,,,MSP,R_MSP,Bethel _65_237,5,41980,1,11.5,1,11.5,pieced,42101,1,126,121,12,62,42125,150,145,24,55,14,1880
126,R,0,0,0.999,3,MSP,R_MSP,Bethel _65_181,9,41984,1,9,1,9,pieced,42125,1,150,141,13,66,,,,,,,
127,R,0,0,1,3,MSP,R_MSP,Bethel _65_181,5,41980,1,12.5,2.6,32.5,pieced,42118,1,143,138,16,66,,,,,38,5,840
128,R,0.034,0,0.965,3,MSP,R_MSP,Bethel _65_181,13,41988,1,16.5,1,16.5,pieced,42118,1,143,130,19,68,,,,,55,7,1120
129,R,,,,,MSP,R_MSP,Bethel _65_181,5,41980,1,18.5,1,18.5,pieced,42115,1,140,135,16,60,,,,,,,
130,R,,,,,MSP,R_MSP,Blaine,5,41980,1,,,,whole,,0,,,,,,,,,,,
131,R,,,,,MSP,R_MSP,Blaine,5,41980,1,10.5,3.6,37.8,pieced,42132,1,157,152,14.5,68,,,,,,,
132,R,,,,,MSP,R_MSP,Blaine,5,41980,1,10,1,10,pieced,42125,1,150,145,,,42150,175,170,25,21,3,500
133,R,0,0,1,3,MSP,R_MSP,Blaine,16,41991,1,8.5,1,8.5,pieced,42108,1,133,117,24,70,42129,154,138,21,45,9,350
134,R,,,,,MSP,R_MSP,Blaine,5,41980,1,8,1,8,pieced,42108,1,133,128,13,64,42125,150,145,17,43,12,1090
135,R,0,0,1,3,MSP,R_MSP,Maple Grove,5,41980,1,12,3,36,pieced,42132,1,157,152,24,70,,,,,50,5,330
136,R,0,0,1,3,MSP,R_MSP,Maple Grove,5,41980,1,10.5,5.4,56.7,pieced,42122,1,147,142,21,,,,,,66,6,1550
137,R,,,,,MSP,R_MSP,Maple Grove,16,41991,1,12,1.2,14.4,pieced,,0,,,,,,,,,,,
138,R,0,0,1,3,MSP,R_MSP,Maple Grove,5,41980,1,12,3.5,42,pieced,42125,1,150,145,21,48,,,,,62,9,820
139,R,0,0,1,3,MSP,R_MSP,Maple Grove,5,41980,1,12,2.2,26.4,pieced,42118,1,143,138,18,60,,,,,47,6,1600
140,R,,,,,MSP,R_MSP,Maple Grove,5,41980,1,10.5,2.4,25.2,pieced,,1,,,,,,,,,,,
141,R,0,0,1,3,MSP,R_MSP,Wayzata,5,41980,1,11.5,1.8,20.7,pieced,42108,1,133,128,12,66,,,,,38,5,
142,R,0,0,1,3,MSP,R_MSP,Wayzata,5,41980,1,13.5,1,13.5,pieced,42101,1,126,121,11,64,42125,150,145,24,42,15,1670
143,R,0,0,1,3,MSP,R_MSP,Wayzata,5,41980,1,12.5,1,12.5,pieced,42104,1,129,124,14,62,42129,154,149,25,35,18,1050
144,R,0,0,1,3,MSP,R_MSP,Wayzata,5,41980,1,10.5,3.5,36.75,pieced,42111,1,136,131,18,42,42150,175,170,39,34,,840
145,R,,,,,MSP,R_MSP,Wayzata,5,41980,1,12.5,2.6,32.5,pieced,42111,1,136,131,18,60,,,,,36,9,800
146,R,,,,,MSP,R_MSP,Wayzata,5,41980,1,11,2,22,pieced,42108,1,133,128,12,50,42125,150,145,17,42,10,950
147,R,,,,,MSP,R_MSP,Bethel _65_181,5,41980,1,10,1.5,15,pieced,42108,1,133,128,14,50,42132,157,152,24,36,12,1040
148,R,,,,,MSP,R_MSP,Bethel _65_181,5,41980,1,12,2.5,30,pieced,42104,1,129,124,13,50,42125,150,145,21,44,12,930
149,R,,,,,MSP,R_MSP,Bethel _65_237,5,41980,1,8.5,1,8.5,pieced,42111,1,136,131,18,60,42125,150,145,14,50,12,1490
150,R,,,,,MSP,R_MSP,Blaine,56,42031,1,6,2.4,14.4,whole,42125,1,150,94,,,,,,,51,13,
201,U,,,,,NY,U_NY,Red Hook,5,41980,1,16,3.6,57.6,pieced,42097,1,122,117,18,40,42136,161,156,39,59,,2330
202,U,,,,,NY,U_NY,Red Hook,7,41982,1,18.5,3.6,66.6,whole,42104,1,129,122,19,52,42125,150,143,21,67,13,2280
203,U,,,,,NY,U_NY,Red Hook,23,41998,1,18,7.5,135,whole,42108,1,133,110,22,64,42136,161,138,28,80,11,3770
204,U,,,,,NY,U_NY,JC_mont,16,41991,1,16,5.2,83.2,whole,42090,1,115,99,15,42,42111,136,120,21,60,9,3290
205,U,,,,,NY,U_NY,JC_mont,5,41980,1,11,6.2,68.2,whole,42104,1,129,124,12,36,42125,150,145,21,64,15,1710
206,U,,,,,NY,U_NY,JC_mont,5,41980,1,14,4.2,58.8,whole,42097,1,122,117,14.5,36,42118,143,138,21,62,11,2050
207,U,,,,,NY,U_NY,JC_mont,23,41998,1,13.5,4,54,whole,42094,1,119,96,16,46,42118,143,120,24,59,11,3660
208,U,,,,,NY,U_NY,Red Hook,5,41980,1,,,,,,0,,,,,,,,,,,
209,U,,,,,NY,U_NY,Staten Island,23,41998,1,19.5,8.5,165.75,whole,42101,1,126,103,11,24,42129,154,131,28,54,8,600
210,U,,,,,NY,U_NY,Staten Island,20,41995,1,20.5,6,123,pieced,42094,1,119,99,13.5,24,42122,147,127,28,57,7,1110
211,R,,,,,NY,R_NY,Eastport CA,23,41998,1,19,7,133,whole,42118,1,143,120,21,30,42150,175,152,32,77,10,530
212,R,,,,,NY,R_NY,Eastport CA,16,41991,1,17,5,85,whole,42111,1,136,120,22,52,42139,164,148,28,78,15,2300
213,R,1,0,0,1,NY,R_NY,Calder,7,41982,1,18,4,72,pieced,42111,1,136,129,19,56,42118,143,136,7,36,10,2590
214,R,,,,,NY,R_NY,Calder,,,0,,,,,,0,,,,,,,,,,,
215,R,1,0,0,1,NY,R_NY,Bethlehem,23,41998,1,13,4,52,whole,42136,1,161,138,19,,,,,,63,6,420
216,R,1,0,0,1,NY,R_NY,Bethlehem,23,41998,1,21.5,9.6,206.4,whole,42097,1,122,99,13.5,24,42125,150,127,28,78,10,870
217,R,,,,,NY,R_NY,Bethlehem,56,42031,1,10.5,3,31.5,whole,42111,1,136,80,19,44,42125,150,94,14,70,16,2260
218,R,,,,,NY,R_NY,Suffolk CA,,,0,,,,,,0,,,,,,,,,,,
219,R,,,,,NY,R_NY,Suffolk CA,,,0,,,,,,0,,,,,,,,,,,
220,R,,,,,NY,R_NY,Suffolk CA,5,41980,1,15,5,75,pieced,42101,1,126,121,11,28,42132,157,152,31,66,17,1500
221,R,,,,,NY,R_NY,Suffolk CA,5,41980,1,13.5,2.6,35.1,pieced,42097,1,122,117,16,40,42125,150,145,28,62,27,2710
222,R,1,0,0,1,NY,R_NY,WW_service,5,41980,1,15.5,4,62,pieced,42104,1,129,124,14,40,42115,140,135,11,30,10,1770
223,R,1,0,0,1,NY,R_NY,WW_service,,,0,,,,,,0,,,,,,,,,,,
224,R,1,0,0,1,NY,R_NY,WW_service,56,42031,1,15,6,90,whole,42101,1,126,70,11,34,42118,143,87,17,31,6,600
225,R,,,,,NY,R_NY,WW_service,7,41982,1,14.5,4.6,66.7,pieced,42104,1,129,122,17,50,42122,147,140,18,36,8,1020
226,R,,,,,NY,R_NY,WW_service,7,41982,1,15,5.5,82.5,pieced,42104,1,129,122,21,60,42118,143,136,14,36,9,1700
227,R,,,,,NY,R_NY,WW_service,7,41982,1,13.5,5.2,70.2,pieced,42101,1,126,119,17,46,42115,140,133,14,40,7,1760
228,R,,,,,NY,R_NY,WW_service,9,41984,1,15,4.3,64.5,whole,42101,1,126,117,23,60,42125,150,141,24,35,10,3210
229,R,,,,,NY,R_NY,WW_service,5,41980,1,16.5,4.3,70.95,whole,42090,1,115,110,23,50,42101,126,121,11,31,12,2300
301,R,,,,,blt,R_blt,Aberdeen,5,41980,1,14.5,3.2,46.4,pieced,42115,1,140,135,15,44,42125,150,145,10,28,8,1580
302,R,,,,,blt,R_blt,Aberdeen,5,41980,1,18.5,3.5,64.75,pieced,42111,1,136,131,18,60,42118,143,138,7,29,9,1810
303,R,,,,,blt,R_blt,Aberdeen,7,41982,1,17,4.5,76.5,pieced,42104,1,129,122,18,50,42111,136,129,7,26,12,2240
304,R,,,,,blt,R_blt,Springfield,5,41980,1,16.5,3.8,62.7,pieced,42118,1,143,138,16,48,42139,164,159,21,39,9,1020
305,R,,,,,blt,R_blt,Springfield,5,41980,1,12,2.8,33.6,pieced,42122,1,147,142,18,66,42139,164,159,17,30,12,830
306,R,,,,,blt,R_blt,oregon park,5,41980,1,11,2.6,28.6,pieced,42132,1,157,152,15,,42136,161,156,4,18,8,660
307,R,,,,,blt,R_blt,greenbelt,13,41988,1,15,5.5,82.5,pieced,42104,1,129,116,15,50,42111,136,123,7,28,7,810
308,R,,,,,blt,R_blt,greenbelt,5,41980,1,11.5,2.5,28.75,pieced,42104,1,129,124,14,56,42111,136,131,7,22,7,1460
309,R,,,,,blt,R_blt,greenbelt,5,41980,1,15,3.2,48,pieced,42108,1,133,128,15,44,42115,140,135,7,28,6,1040
310,R,,,,,blt,R_blt,greenbelt,5,41980,1,17,5.2,88.4,pieced,42097,1,122,117,27,60,42108,133,128,11,23,11,1540
311,R,,,,,blt,R_blt,greenbelt,,,0,,,,,,0,,,,,,,,,,,
312,R,,,,,blt,R_blt,greenbelt,7,41982,1,18.5,4.1,75.85,pieced,42108,1,133,126,22,52,42115,140,133,7,30,8,2000
313,R,,,,,blt,R_blt,greenbelt,5,41980,1,16.5,4.2,69.3,pieced,42111,1,136,131,13,66,42125,150,145,14,25,8,1000
314,R,,,,,blt,R_blt,greenbelt,9,41984,1,20,5.2,104,pieced,42108,1,133,124,16,44,42125,150,141,17,30,9,1850
315,R,,,,,blt,R_blt,greenbelt,23,41998,1,14,2,28,pieced,,0,,,,,,,,,,,
316,R,,,,,blt,R_blt,greenbelt,9,41984,1,19,7,133,pieced,42111,1,136,127,16,62,42125,150,141,14,30,8,470
317,R,,,,,blt,R_blt,greenbelt,,,1,12,3.2,38.4,pieced,,1,,,15,70,42150,175,,,18,10,1000
318,R,,,,,blt,R_blt,greenbelt,9,41984,1,12.5,3,37.5,pieced,42118,1,143,134,21,70,42136,161,152,18,35,9,640
319,R,,,,,blt,R_blt,greenbelt,5,41980,1,11.5,4.2,48.3,pieced,42044,1,69,64,11.5,17,42087,112,107,43,48,14,2390
320,R,,,,,blt,R_blt,greenbelt,20,41995,1,11.5,1.5,17.25,pieced,,1,,,,,42150,175,,,17,8,770
321,U,,,,,blt,U_blt,Clinton,5,41980,1,17.5,6,105,whole,42097,1,122,117,22.5,60,42139,164,159,42,38,9,3330
322,U,,,,,blt,U_blt,Clinton,5,41980,1,16.5,4.3,70.95,whole,42080,1,105,100,19.5,28,42122,147,142,42,50,11,1820
323,U,,,,,blt,U_blt,Clinton,5,41980,1,14,4.8,67.2,whole,42094,1,119,114,25,46,42132,157,152,38,55,5,2300
324,U,,,,,blt,U_blt,Clinton,5,41980,1,17,6,102,whole,42076,1,101,96,14.5,28,42125,150,145,49,66,8,1060
325,U,,,,,blt,U_blt,Clinton,16,41991,1,17,4.6,78.2,whole,42090,1,115,99,13,30,42129,154,138,39,59,12,1100
326,U,,,,,blt,U_blt,Clinton,5,41980,1,17,3,51,whole,42087,1,112,107,17,50,42132,157,152,45,49,11,2170
333,U,,,,,blt,U_blt,Druid Hill,5,41980,1,8,3.8,30.4,pieced,,1,,,,,42139,164,159,159,23,6,490
334,U,,,,,blt,U_blt,Druid Hill,13,41988,1,11.5,3,34.5,pieced,42129,1,154,141,18,60,42139,164,151,10,29,7,810
335,U,,,,,blt,U_blt,Druid Hill,5,41980,1,12,2,24,pieced,42136,1,161,156,15,,42146,171,166,10,24,6,620
336,U,,,,,blt,U_blt,Druid Hill,56,42031,1,6,3,18,whole,,0,,,,,,,,,22,6,350
337,U,,,,,blt,U_blt,Druid Hill,5,41980,1,10.5,2.5,26.25,pieced,42136,1,161,156,14,,42146,171,166,10,21,5,610
338,U,,,,,blt,U_blt,Druid Hill,5,41980,1,14,3.5,49,pieced,42136,1,161,156,19,,,,,,,,
342,U,,,,,blt,U_blt,Patterson Park,5,41980,1,16.5,3.8,62.7,pieced,42090,1,115,110,15,30,42115,140,135,25,49,10,1610
343,U,,,,,blt,U_blt,Patterson Park,5,41980,1,14.5,3.5,50.75,pieced,42083,1,108,103,19.5,34,42108,133,128,25,51,8,2340
344,U,,,,,blt,U_blt,Patterson Park,56,42031,1,11,3.8,41.8,whole,42122,1,147,91,18.5,40,42139,164,108,17,28,7,590
345,U,,,,,blt,U_blt,Patterson Park,5,41980,1,14,3.5,49,pieced,42097,1,122,117,18,40,42122,147,142,25,60,13,2550
346,U,,,,,blt,U_blt,Patterson Park,5,41980,1,20,4.6,92,pieced,42094,1,119,114,18,44,42132,157,152,38,55,8,2040
347,U,,,,,blt,U_blt,Patterson Park,16,41991,1,11,5,55,whole,42111,1,136,120,30,26,42132,157,141,21,59,12,850
350,U,,,,,blt,U_blt,urban2,7,41982,1,14.5,4.5,65.25,pieced,42108,1,133,126,16,50,42129,154,147,21,50,11,1870
351,U,,,,,blt,U_blt,urban2,5,41980,1,,,,,42136,1,161,156,11,,,,,,33,5,140
352,U,,,,,blt,U_blt,urban2,5,41980,1,16,5.8,92.8,pieced,42118,1,143,138,17,44,42139,164,159,21,50,7,330
353,U,,,,,blt,U_blt,urban2,,,0,,,,,,0,,,,,,,,,,,
354,U,,,,,blt,U_blt,urban2,5,41980,1,16,5.5,88,pieced,42087,1,112,107,25,48,42118,143,138,31,60,10,3400
355,U,,,,,blt,U_blt,urban2,7,41982,1,15,3.3,49.5,pieced,42087,1,112,105,22,44,42111,136,129,24,43,14,2770
359,U,,,,,blt,U_blt,Gay_Ellsworth,5,41980,1,13.5,4,54,pieced,42111,1,136,131,12,30,42132,157,152,21,40,6,470
360,U,,,,,blt,U_blt,Gay_Ellsworth,7,41982,1,17,4.8,81.6,pieced,42101,1,126,119,17.5,40,42111,136,129,10,40,6,1500
361,U,,,,,blt,U_blt,Gay_Ellsworth,5,41980,1,19,4.2,79.8,pieced,,0,,,,,,,,,,,
362,U,,,,,blt,U_blt,Gay_Ellsworth,89,42064,1,,,,,42132,1, ,68,17,16,42150,175,86,18,30,6,340
363,U,,,,,blt,U_blt,Gay_Ellsworth,5,41980,1,16,4.5,72,pieced,42111,1,136,131,14,24,42125,150,145,14,40,6,540
364,U,,,,,blt,U_blt,Jannery,5,41980,1,15,4.7,70.5,whole,42108,1,133,128,14,30,42129,154,149,21,64,18,1840
365,U,,,,,blt,U_blt,Jannery,,,0,,,,,,0,,,,,,,,,,,
366,U,,,,,blt,U_blt,Jannery,5,41980,1,10.5,3.4,35.7,whole,42101,1,126,121,13,40,42125,150,145,24,67,12,1440
367,U,,,,,blt,U_blt,Jannery,5,41980,1,16,5.5,88,whole,42111,1,136,131,14,31,42136,161,156,25,59,6,570
368,U,,,,,blt,U_blt,Jannery,5,41980,1,16.5,5,82.5,whole,42104,1,129,124,13,50,42122,147,142,18,56,20,3040
369,U,,,,,blt,U_blt,Jannery,13,41988,1,18.5,7,129.5,whole,42101,1,126,113,19,50,42132,157,144,31,50,10,2010
401,U,1,0,0,1,Detroit,U_Detroit,Greenfield Rd,23,41998,1,12.5,6,75,whole,42097,1,122,99,19,42,42136,161,138,39,60,12,2300
402,U,1,0,0,1,Detroit,U_Detroit,Greenfield Rd,5,41980,1,10.5,3.5,36.75,pieced,42101,1,126,121,15,32,42122,147,142,21,60,9,2130
403,U,0,0,1,3,Detroit,U_Detroit,Greenfield Rd,5,41980,1,11.5,1,11.5,pieced,42118,1,143,138,19,66,,,,,54,5,1860
404,U,1,0,0,1,Detroit,U_Detroit,Greenfield Rd,5,41980,1,,,,whole,,0,,,,,,,,,,,
405,U,,,,,Detroit,U_Detroit,Greenfield Rd,9,41984,1,16.5,5.5,90.75,pieced,42097,1,122,113,18,36,42132,157,148,35,72,13,2660
406,U,,,,,Detroit,U_Detroit,Greenfield Rd,16,41991,1,16,5.4,86.4,pieced,42101,1,126,110,18,60,42132,157,141,31,83,13,2780
414,U,1,0,0,1,Detroit,U_Detroit,Farmer_Bates,5,41980,1,15.5,4.5,69.75,whole,42097,1,122,117,13,40,42125,150,145,28,74,12,1620
415,U,1,0,0,1,Detroit,U_Detroit,Farmer_Bates,5,41980,1,13,3.8,49.4,whole,42094,1,119,114,19,50,42132,157,152,38,50,8,1760
416,U,,,,,Detroit,U_Detroit,Farmer_Bates,5,41980,1,17,3.9,66.3,whole,42090,1,115,110,15,44,42122,147,142,32,70,14,1790
417,U,1,0,0,1,Detroit,U_Detroit,Farmer_Bates,5,41980,1,15,6.4,96,whole,42090,1,115,110,16,48,42132,157,152,42,59,15,2330
418,U,,,,,Detroit,U_Detroit,Farmer_Bates,7,41982,1,18,6.6,118.8,whole,42097,1,122,115,10,42,42132,157,150,35,63,12,1260
419,U,,,,,Detroit,U_Detroit,Farmer_Bates,9,41984,1,16.5,3.2,52.8,whole,42087,1,112,103,14.5,46,42132,157,148,45,52,8,1640
433,U,1,0,0,1,Detroit,U_Detroit,urban1,5,41980,1,16,4.4,70.4,whole,42083,1,108,103,17,44,42122,147,142,39,63,8,1680
434,U,1,0,0,1,Detroit,U_Detroit,urban1,,,0,,,,,,0,,,,,,,,,,,
435,U,,,,,Detroit,U_Detroit,urban1,,,0,,,,,,0,,,,,,,,,,,
438,U,,,,,Detroit,U_Detroit,urban1,13,41988,1,19,5.2,98.8,whole,42087,1,112,99,18,36,42129,154,141,42,63,8,2770
439,U,,,,,Detroit,U_Detroit,urban1,5,41980,1,11,1,11,pieced,42111,1,136,131,14,60,42146,171,166,35,36,5,500
440,U,0.032,0,0.968,3,Detroit,U_Detroit,urban1,5,41980,1,10.5,2,21,pieced,42115,1,140,135,16,60,,,,,35,9,550
448,U,0,0,1,3,Detroit,U_Detroit,Hayloft,5,41980,1,12,1,12,pieced,42125,1,150,145,13,70,42142,167,162,17,31,14,1080
449,U,0,0,1,3,Detroit,U_Detroit,Hayloft,5,41980,1,10.5,2,21,pieced,42115,1,140,135,14,,,,,,,,
450,U,0,0,1,3,Detroit,U_Detroit,Hayloft,5,41980,1,14,2.8,39.2,pieced,42122,1,147,142,,,,,,,35,10,1030
451,U,,,,,Detroit,U_Detroit,Hayloft,5,41980,1,17,6.6,112.2,whole,42094,1,119,114,14,34,42122,147,142,28,78,12,1400
452,U,,,,,Detroit,U_Detroit,Hayloft,23,41998,1,19.5,9,175.5,whole,42101,1,126,103,15,44,42129,154,131,28,75,10,1000
453,U,,,,,Detroit,U_Detroit,Hayloft,7,41982,1,10.5,2.2,23.1,whole,42090,1,115,108,13,30,42125,150,143,35,54,7,2000
454,U,,,,,Detroit,U_Detroit,Casa Avery,5,41980,1,15,4.4,66,pieced,42101,1,126,121,16.5,46,42129,154,149,28,80,16,2340
455,U,,,,,Detroit,U_Detroit,Casa Avery,5,41980,1,19.5,5,97.5,pieced,42094,1,119,114,16,44,42132,157,152,38,60,9,2000
456,U,,,,,Detroit,U_Detroit,Casa Avery,5,41980,1,15,6.6,99,pieced,42108,1,133,128,15,48,42132,157,152,24,88,10,1810
457,U,,,,,Detroit,U_Detroit,Casa Avery,5,41980,1,17,4,68,pieced,42087,1,112,107,14,40,42122,147,142,35,45,10,1250
458,U,1,0,0,1,Detroit,U_Detroit,Casa Avery,5,41980,1,16,4.2,67.2,pieced,42097,1,122,117,17,48,42136,161,156,39,47,7,1810
459,U,1,0,0,1,Detroit,U_Detroit,Casa Avery,5,41980,1,12.5,2.6,32.5,pieced,42101,1,126,121,15,62,42125,150,145,24,76,13,1630
463,R,0,1,0,2,Detroit,R_Detroit,Rochester Hills,5,41980,1,11,1,11,pieced,42118,1,143,138,14,70,42150,175,170,32,37,2,550
464,R,,,,,Detroit,R_Detroit,Rochester Hills,5,41980,1,7.5,1,7.5,pieced,42111,1,136,131,17,66,,,,,36,3,890
465,R,0,1,0,2,Detroit,R_Detroit,Rochester Hills,5,41980,1,15.5,3,46.5,pieced,42115,1,140,135,18,60,42146,171,166,31,46,5,850
466,R,0,1,0,2,Detroit,R_Detroit,Rochester Hills,13,41988,1,17,1.5,25.5,pieced,42115,1,140,127,16,60,42146,171,158,31,54,4,700
467,R,,,,,Detroit,R_Detroit,Rochester Hills,20,41995,1,15,3.3,49.5,pieced,42115,1,140,120,14,70,42132,157,137,17,43,5,
468,R,0,1,0,2,Detroit,R_Detroit,Rochester Hills,5,41980,1,12.5,2.5,31.25,pieced,42115,1,140,135,16,66,42132,157,152,17,47,,1180
469,R,0,0,1,3,Detroit,R_Detroit,Milton,5,41980,1,12.5,1,12.5,pieced,42108,1,133,128,14,,42125,150,145,17,60,10,1500
470,R,0,0,1,3,Detroit,R_Detroit,Milton,23,41998,1,13.5,5,67.5,pieced,42115,1,140,117,18,56,,,,,24,5,470
471,R,0,0,1,3,Detroit,R_Detroit,Milton,5,41980,1,12,2.4,28.8,pieced,42115,1,140,135,20,66,,,,,57,11,1100
472,R,0,0,1,3,Detroit,R_Detroit,Milton,5,41980,1,11,1,11,pieced,42101,1,126,121,10.5,64,42125,150,145,24,54,5,400
473,R,1,0,0,1,Detroit,R_Detroit,Milton,13,41988,1,16,5.6,89.6,whole,42101,1,126,113,22,52,42122,147,134,21,63,14,2980
474,R,1,0,0,1,Detroit,R_Detroit,Milton,,,0,,,,,,0,,,,,,,,,,,
475,R,1,0,0,1,Detroit,R_Detroit,Milton,,,0,,,,,,0,,,,,,,,,,,
476,R,0,0,1,3,Detroit,R_Detroit,Milton,5,41980,1,11,2.8,30.8,pieced,42097,1,122,117,9,60,42125,150,145,28,,,
477,R,0,0,1,3,Detroit,R_Detroit,Milton,5,41980,1,14,8,112,pieced,42104,1,129,124,13,60,,,,,,,
501,U,1,0,0,1,chi,U_chi,Logandale,5,41980,1,14.5,3.6,52.2,pieced,42108,1,133,128,17,42,42125,150,145,17,75,8,2610
502,U,,,,,chi,U_chi,Logandale,5,41980,1,15.5,2.8,43.4,pieced,42101,1,126,121,18,48,42122,147,142,21,75,10,2440
503,U,1,0,0,1,chi,U_chi,Logandale,7,41982,1,19,4.1,77.9,pieced,42090,1,115,108,17,50,42118,143,136,28,76,8,3370
504,U,1,0,0,1,chi,U_chi,Logandale,16,41991,1,19,3,57,pieced,42097,1,122,106,14,62,42132,157,141,35,70,9,2350
505,U,,,,,chi,U_chi,Logandale,7,41982,1,16.5,3,49.5,pieced,42097,1,122,115,13,44,42115,140,133,18,74,7,2400
506,U,,,,,chi,U_chi,Logandale,23,41998,1,18.5,7.2,133.2,pieced,42108,1,133,110,25,64,42139,164,141,31,80,4,3050
507,U,,,,,chi,U_chi,Logandale,9,41984,1,20,5,100,pieced,42101,1,126,117,18,54,42125,150,141,24,73,8,2100
513,U,1,0,0,1,chi,U_chi,Irving Park,,,0,,,,,,0,,,,,,,,,,,
514,U,1,0,0,1,chi,U_chi,Irving Park,7,41982,1,20.5,6.4,131.2,pieced,42101,1,126,119,17,28,42129,154,147,28,65,9,860
515,U,,,,,chi,U_chi,Irving Park,,,0,,,,,,0,,,,,,,,,,,
516,U,,,,,chi,U_chi,Irving Park,,,0,,,,,,0,,,,,,,,,,,
517,U,,,,,chi,U_chi,Irving Park,56,42031,1,6.5,3.5,22.75,whole,42118,1,143,87,22,22,42139,164,108,21,60,8,620
518,U,,,,,chi,U_chi,Irving Park,,,0,,,,,,0,,,,,,,,,,,
519,U,,,,,chi,U_chi,Irving Park,,,0,,,,,,0,,,,,,,,,,,
521,U,,,,,chi,U_chi,Irving Park_Taft,5,41980,1,15,3.6,54,pieced,42080,1,105,100,16,30,42122,147,142,42,59,10,1470
522,U,,,,,chi,U_chi,Irving Park_Taft,5,41980,1,16.5,5.5,90.75,pieced,42090,1,115,110,20,46,42132,157,152,42,51,6,1360
523,U,1,0,0,1,chi,U_chi,Irving Park_Taft,5,41980,1,17.5,5.5,96.25,pieced,42080,1,105,100,23,34,42104,129,124,24,62,11,2350
524,U,0,1,0,2,chi,U_chi,Irving Park_Taft,9,41984,1,16.5,2.2,36.3,pieced,42111,1,136,127,16,60,42122,147,138,11,42,5,1400
525,U,0,1,0,2,chi,U_chi,Irving Park_Taft,9,41984,1,14.5,1,14.5,pieced,,1,,,,,42129,154,145,,38,,
526,U,0,1,0,2,chi,U_chi,Irving Park_Taft,5,41980,1,14,4.1,57.4,pieced,42087,1,112,107,17,58,42122,147,142,35,55,12,2160
527,U,0,1,0,2,chi,U_chi,Irving Park_Taft,5,41980,1,15.5,3,46.5,pieced,42101,1,126,121,12.5,70,42111,136,131,10,34,7,2930
532,U,1,0,0,1,chi,U_chi,Skylark Motel,5,41980,1,17.5,4.2,73.5,whole,42047,1,72,67,15.7,19,42101,126,121,54,52,15,1350
533,U,0.999,0,0,1,chi,U_chi,Skylark Motel,5,41980,1,16.5,5.5,90.75,pieced,42094,1,119,114,11.5,40,42118,143,138,24,72,,1850
534,U,0.999,0,0,1,chi,U_chi,Skylark Motel,23,41998,1,20.5,3.2,65.6,pieced,42115,1,140,117,,,42139,164,141,24,60,7,3500
535,U,,,,,chi,U_chi,Skylark Motel,5,41980,1,18,5,90,pieced,42087,1,112,107,22.5,45,42139,164,159,52,42,16,2400
536,U,1,0,0,1,chi,U_chi,Skylark Motel,7,41982,1,16.5,6.5,107.25,whole,42047,1,72,65,17,18,42108,133,126,61,50,9,1110
537,U,,,,,chi,U_chi,Skylark Motel,5,41980,1,14.5,5.8,84.1,whole,42083,1,108,103,24,26,42104,129,124,21,48,7,1360
538,U,,,,,chi,U_chi,Skylark Motel,9,41984,1,14.5,4.6,66.7,whole,42069,1,94,85,21,40,42101,126,117,32,32,13,1810
542,U,1,0,0,1,chi,U_chi,Wrigleyville,7,41982,1,11,3.2,35.2,pieced,42104,1,129,122,17,46,42125,150,143,21,78,12,1450
543,U,1,0,0,1,chi,U_chi,Wrigleyville,20,41995,1,18.5,5.9,109.15,pieced,42108,1,133,113,18,26,42136,161,141,28,72,8,400
544,U,0.86,0.14,0,1,chi,U_chi,Wrigleyville,23,41998,1,20,5,100,whole,42090,1,115,92,17,36,42122,147,124,32,63,16,2140
545,U,,,,,chi,U_chi,Wrigleyville,9,41984,1,,,,,,0,,,,,,,,,,,
546,U,,,,,chi,U_chi,Wrigleyville,9,41984,1,19,3.6,68.4,pieced,42087,1,112,103,16,44,42129,154,145,42,77,9,2600
547,U,,,,,chi,U_chi,Wrigleyville,23,41998,1,13,3,39,pieced,42101,1,126,103,14.5,44,42125,150,127,24,62,17,1940
548,U,,,,,chi,U_chi,Wrigleyville,56,42031,1,6,2.6,15.6,whole,42111,1,136,80,17,28,42136,161,105,25,60,12,740
553,U,,,,,chi,U_chi,Wrigleyville,23,41998,1,21,9.6,201.6,whole,42097,1,122,99,23,46,42129,154,131,32,68,12,2670
554,U,1,0,0,1,chi,U_chi,Wrigleyville,,,0,,,,,,0,,,,,,,,,60,,
557,R,0,0.999,0,2,chi,R_chi,Aurora,5,41980,1,18,2.5,45,pieced,42101,1,126,121,17,36,42108,133,128,7,41,5,2400
558,R,0,0.999,0.001,2,chi,R_chi,Huntley,9,41984,1,13,3.5,45.5,pieced,42118,1,143,134,18,,42125,150,141,7,40,11,940
559,R,0,0,1,3,chi,R_chi,Wadsworth,9,41984,1,12,2,24,pieced,42104,1,129,120,12,60,42146,171,162,42,50,4,1210
560,R,0,0,1,3,chi,R_chi,Wadsworth,5,41980,1,9,1,9,pieced,42104,1,129,124,12,66,42125,150,145,21,36,18,2000
561,R,,,,,chi,R_chi,Wadsworth,5,41980,1,11.5,1,11.5,pieced,42111,1,136,131,14,66,42136,161,156,25,49,,1310
562,R,0.001,0.049,0.95,3,chi,R_chi,Wadsworth,5,41980,1,10,2.5,25,pieced,42097,1,122,117,13,36,42122,147,142,25,51,21,1060
563,R,0,0,1,3,chi,R_chi,Wadsworth,5,41980,1,13.5,3,40.5,pieced,42111,1,136,131,18,66,42146,171,166,35,39,6,580
564,R,,,,,chi,R_chi,Wadsworth,5,41980,1,13,1,13,pieced,42111,1,136,131,13,60,42136,161,156,25,57,15,1500
565,R,1,0,0,1,chi,R_chi,Wadsworth,,,0,,,,,,0,,,,,,,,,,,
566,R,,,,,chi,R_chi,Wadsworth,5,41980,1,19.5,5.2,101.4,pieced,42097,1,122,117,18,24,42129,154,149,32,55,7,1650
567,R,,,,,chi,R_chi,Wadsworth,13,41988,1,18,4.6,82.8,pieced,42097,1,122,109,15,26,42125,150,137,28,75,10,1030
568,R,,,,,chi,R_chi,Wadsworth,,,0,,,,,,0,,,,,,,,,42,,
589,R,1,0,0,1,chi,R_chi,Petone,5,41980,1,13.5,6,81,pieced,42087,1,112,107,13.5,36,42115,140,135,28,61,9,2200
590,R,1,0,0,1,chi,R_chi,Petone,5,41980,1,15.5,4,62,pieced,42083,1,108,103,18,45,42132,157,152,49,60,11,2020
591,R,,,,,chi,R_chi,Petone,5,41980,1,16.5,3.2,52.8,pieced,42076,1,101,96,16,40,42115,140,135,39,63,8,2680
592,R,1,0,0,1,chi,R_chi,Petone,5,41980,1,17,3.8,64.6,pieced,42087,1,112,107,16,44,42111,136,131,24,62,9,2380
593,R,1,0,0,1,chi,R_chi,Petone,5,41980,1,15.5,6,93,pieced,42094,1,119,114,16,36,42118,143,138,24,60,13,2320
594,R,1,0,0,1,chi,R_chi,Petone,,,0,,,,,,0,,,,,,,,,,,
595,R,1,0,0,1,chi,R_chi,Petone,,,0,,,,,,0,,,,,,,,,,,
596,R,,,,,chi,R_chi,Petone,,,0,,,,,,0,,,,,,,,,,,
597,R,,,,,chi,R_chi,Petone,7,41982,1,16,4.6,73.6,pieced,42073,1,98,91,22,48,42122,147,140,49,58,15,2850
598,R,,,,,chi,R_chi,Petone,5,41980,1,15,6,90,pieced,42094,1,119,114,18,42,42122,147,142,28,70,15,2880
608,R,1,0,0,1,chi,R_chi,Joliet,5,41980,1,20,5,100,pieced,42097,1,122,117,20,42,42132,157,152,35,86,18,3410
609,R,0.71,0,0.29,1,chi,R_chi,Joliet,5,41980,1,15,5.2,78,pieced,42104,1,129,124,13,40,42136,161,156,32,87,9,1760
610,R,1,0,0,1,chi,R_chi,Joliet,5,41980,1,21.5,5.5,118.25,pieced,42097,1,122,117,20,38,42132,157,152,35,71,5,3260
611,R,,,,,chi,R_chi,Joliet,9,41984,1,15,5,75,pieced,42087,1,112,103,24,40,42132,157,148,45,51,11,1520
612,R,1,0,0,1,chi,R_chi,Joliet,5,41980,1,14.5,4,58,pieced,42108,1,133,128,19,62,42136,161,156,28,85,,2370
613,R,1,0,0,1,chi,R_chi,Joliet,7,41982,1,18,3.8,68.4,pieced,42097,1,122,115,15.5,40,42132,157,150,35,56,9,2500
614,R,1,0,0,1,chi,R_chi,Joliet,23,41998,1,18,4,72,pieced,42118,1,143,120,21,21,42150,175,152,32,60,12,800
615,R,,,,,chi,R_chi,Joliet,5,41980,1,17.5,6,105,pieced,42101,1,126,121,22,36,42136,161,156,35,88,15,2800
616,R,,,,,chi,R_chi,Joliet,13,41988,1,18.5,4.5,83.25,pieced,42108,1,133,120,13,42,42132,157,144,24,80,10,1250
617,R,,,,,chi,R_chi,Joliet,5,41980,1,21,4.4,92.4,pieced,42101,1,126,121,15,60,42139,164,159,38,82,8,1760
