id,Title,Authors,Source Title,Publication Year,Volume,Issue,Beginning Page,Ending Page,DOI,Total Citations
1053,Effects of population size on performance in the rare plant Gentianella germanica,"Fischer, M; Matthies, D",JOURNAL OF ECOLOGY,1998,86,2,195,204,10.1046/j.1365-2745.1998.00246.x,177
1054,Social-ecological memory in urban gardens-Retaining the capacity for management of ecosystem services,"Barthel, Stephan; Folke, Carl; Colding, Johan",GLOBAL ENVIRONMENTAL CHANGE-HUMAN AND POLICY DIMENSIONS,2010,20,2,255,265,10.1016/j.gloenvcha.2010.01.001,175
1055,Bee richness and abundance in New York city urban gardens,"Matteson, Kevin C.; Ascher, John S.; Langellotto, Gail A.",ANNALS OF THE ENTOMOLOGICAL SOCIETY OF AMERICA,2008,101,1,140,150,10.1603/0013-8746(2008)101[140:BRAAIN]2.0.CO;2,144
1056,Measuring social-ecological dynamics behind the generation of ecosystem services,"Andersson, E.; Barthel, S.; Ahrne, K.",ECOLOGICAL APPLICATIONS,2007,17,5,1267,1278,10.1890/06-1116.1,141
1057,Pollinator-Mediated Selection on Flower Color Allele Drives Reinforcement,"Hopkins, Robin; Rausher, Mark D.",SCIENCE,2012,335,6072,1090,1092,10.1126/science.1215198,104
1058,Effects of land use at a landscape scale on bumblebee nest density and survival,"Goulson, Dave; Lepais, Olivier; O'Connor, Stephanie; Osborne, Juliet L.; Sanderson, Roy A.; Cussans, John; Goffe, Louis; Darvill, Ben",JOURNAL OF APPLIED ECOLOGY,2010,47,6,1207,1215,10.1111/j.1365-2664.2010.01872.x,100
1059,Quantifying and comparing bumblebee nest densities in gardens and countryside habitats,"Osborne, Juliet L.; Martin, Andrew P.; Shortall, Chris R.; Todd, Alan D.; Goulson, Dave; Knight, Mairi E.; Hale, Roddy J.; Sanderson, Roy A.",JOURNAL OF APPLIED ECOLOGY,2008,45,3,784,792,10.1111/j.1365-2664.2007.01359.x,97
1060,EFFECTS OF FLOWER NUMBER AND POSITION ON SELF-FERTILIZATION IN EXPERIMENTAL POPULATIONS OF EICHHORNIA-PANICULATA (PONTEDERIACEAE),"BARRETT, SCH; HARDER, LD; COLE, WW",FUNCTIONAL ECOLOGY,1994,8,4,526,535,10.2307/2390078,88
1061,Reduced reproductive success and offspring survival in fragmented populations of the forest herb Phyteuma spicatum,"Kolb, A",JOURNAL OF ECOLOGY,2005,93,6,1226,1237,10.1111/j.1365-2745.2005.01049.x,83
1062,Changing Bee and Hoverfly Pollinator Assemblages along an Urban-Rural Gradient,"Bates, Adam J.; Sadler, Jon P.; Fairbrass, Alison J.; Falk, Steven J.; Hale, James D.; Matthews, Tom J.",PLOS ONE,2011,6,8,,,10.1371/journal.pone.0023459,81
1063,Bumble Bees (Bombus spp) along a Gradient of Increasing Urbanization,"Ahrne, Karin; Bengtsson, Jan; Elmqvist, Thomas",PLOS ONE,2009,4,5,,,10.1371/journal.pone.0005574,75
1064,The influence of nectar and pollen availability on pollen transfer by individual flowers of oil-seed rape (Brassica napus) when pollinated by bumblebees (Bombus lapidarius),"Cresswell, JE",JOURNAL OF ECOLOGY,1999,87,4,670,677,10.1046/j.1365-2745.1999.00385.x,75
1065,Bee diversity and abundance in an urban setting,"Tommasi, D; Miro, A; Higo, HA; Winston, ML",CANADIAN ENTOMOLOGIST,2004,136,6,851,869,,71
1066,Where is the UK's pollinator biodiversity? The importance of urban areas for flower-visiting insects,"Baldock, Katherine C. R.; Goddard, Mark A.; Hicks, Damien M.; Kunin, William E.; Mitschunas, Nadine; Osgathorpe, Lynne M.; Potts, Simon G.; Robertson, Kirsty M.; Scott, Anna V.; Stone, Graham N.; Vaughan, Ian P.; Memmott, Jane",PROCEEDINGS OF THE ROYAL SOCIETY B-BIOLOGICAL SCIENCES,2015,282,1803,,,10.1098/rspb.2014.2849,69
1067,"Flowers, nectar and insect visits: Evaluating British plant species for pollinator-friendly gardens","Comba, L; Corbet, SA; Hunt, L; Warren, B",ANNALS OF BOTANY,1999,83,4,369,383,10.1006/anbo.1998.0835,68
1068,Visitation by wild and managed bees (Hymenoptera : Apoidea) to eastern US native plants for use in conservation programs,"Tuell, Julianna K.; Fiedler, Anna K.; Landis, Douglas; Isaacs, Rufus",ENVIRONMENTAL ENTOMOLOGY,2008,37,3,707,718,10.1603/0046-225X(2008)37[707:VBWAMB]2.0.CO;2,65
1069,Wild bees along an urban gradient: winners and losers,"Banaszak-Cibicka, Weronika; Zmihorski, Michal",JOURNAL OF INSECT CONSERVATION,2012,16,3,331,343,10.1007/s10841-011-9419-2,64
1070,The Bee Fauna of Residential Gardens in a Suburb of New York City (Hymenoptera: Apoidea),"Fetridge, Evelyn D.; Ascher, John S.; Langellotto, Gail A.",ANNALS OF THE ENTOMOLOGICAL SOCIETY OF AMERICA,2008,101,6,1067,1077,10.1603/0013-8746-101.6.1067,63
1071,Space Use of Bumblebees (Bombus spp.) Revealed by Radio-Tracking,"Hagen, Melanie; Wikelski, Martin; Kissling, W. Daniel",PLOS ONE,2011,6,5,,,10.1371/journal.pone.0019997,62
1072,Pollinator diversity affects plant reproduction and recruitment: the tradeoffs of generalization,"Gomez, Jose M.; Bosch, Jordi; Perfectti, Francisco; Fernandez, Juande; Abdelaziz, Mohamed",OECOLOGIA,2007,153,3,597,605,10.1007/s00442-007-0758-3,61
1073,"Phenotypic selection to increase floral scent emission, but not flower size or colour in bee-pollinated Penstemon digitalis","Parachnowitsch, Amy L.; Raguso, Robert A.; Kessler, Andre",NEW PHYTOLOGIST,2012,195,3,667,675,10.1111/j.1469-8137.2012.04188.x,56
1074,Extent of invasion of Tasmanian native vegetation by the exotic bumblebee Bombus terrestris (Apoidea : Apidae),"Hingston, AB; Marsden-Smedley, J; Driscoll, DA; Corbett, S; Fenton, J; Anderson, R; Plowman, C; Mowling, F; Jenkin, M; Matsui, K; Bonham, KJ; Ilowski, M; McQuillan, PB; Yaxley, B; Reid, T; Storey, D; Poole, L; Mallick, SA; Fitzgerald, N; Kirkpatrick, JB; Febey, J; Harwood, AG; Michaels, KF; Russell, MJ; Black, PG; Emmerson, L; Visoiu, M; Morgan, J; Breen, S; Gates, S; Bantich, MN; Desmarchelier, JM",AUSTRAL ECOLOGY,2002,27,2,162,172,10.1046/j.1442-9993.2002.01179.x,54
1075,THE EFFECT OF INFLORESCENCE BUD REMOVAL ON TUBER PRODUCTION IN HELIANTHUS-TUBEROSUS L (ASTERACEAE),"WESTLEY, LC",ECOLOGY,1993,74,7,2136,2144,10.2307/1940858,52
1076,Enhancing urban biodiversity and its influence on city-dwellers: An experiment,"Shwartz, Assaf; Turbe, Anne; Simon, Laurent; Julliard, Romain",BIOLOGICAL CONSERVATION,2014,171,,82,90,10.1016/j.biocon.2014.01.009,47
1077,The significance of hydroperiod and stand maturity for pool-breeding amphibians in forested landscapes,"Baldwin, R. F.; Calhoun, A. J. K.; deMaynadier, P. G.",CANADIAN JOURNAL OF ZOOLOGY-REVUE CANADIENNE DE ZOOLOGIE,2006,84,11,1604,1615,10.1139/Z06-146,46
1078,The winners and losers of land use intensification: pollinator community disassembly is non-random and alters functional diversity,"Rader, Romina; Bartomeus, Ignasi; Tylianakis, Jason M.; Laliberte, Etienne",DIVERSITY AND DISTRIBUTIONS,2014,20,8,908,917,10.1111/ddi.12221,44
1079,Gardens benefit bees and enhance pollination in intensively managed farmland,"Samnegard, Ulrika; Persson, Anna S.; Smith, Henrik G.",BIOLOGICAL CONSERVATION,2011,144,11,2602,2606,10.1016/j.biocon.2011.07.008,44
1080,Native or exotic? Double or single? Evaluating plants for pollinator-friendly gardens,"Corbet, SA; Bee, J; Dasmahapatra, K; Gale, S; Gorringe, E; La Ferla, B; Moorhouse, T; Trevail, A; Van Bergen, Y; Vorontsova, M",ANNALS OF BOTANY,2001,87,2,219,232,10.1006/anbo.2000.1322,44
1081,Direct and indirect effects of a sex-biased antagonist on male and female fertility: Consequences for reproductive trait evolution in a gender-dimorphic plant,"Ashman, Tia-Lynn; Penet, Laurent",AMERICAN NATURALIST,2007,169,5,595,608,10.1086/513150,43
1082,THE EVOLUTION OF FLORAL VARIATION WITHOUT POLLINATOR SHIFTS IN GORTERIA DIFFUSA (ASTERACEAE),"Ellis, Allan G.; Johnson, Steven D.",AMERICAN JOURNAL OF BOTANY,2009,96,4,793,801,10.3732/ajb.0800222,41
1083,Garden flowers: Insect visits and the floral reward of horticulturally-modified variants,"Comba, L; Corbet, SA; Barron, A; Bird, A; Collinge, S; Miyazaki, N; Powell, M",ANNALS OF BOTANY,1999,83,1,73,86,10.1006/anbo.1998.0798,41
1084,Quantifying variation among garden plants in attractiveness to bees and other flower-visiting insects,"Garbuzov, Mihail; Ratnieks, Francis L. W.",FUNCTIONAL ECOLOGY,2014,28,2,364,374,10.1111/1365-2435.12178,40
1085,Alien fish species in the Czech Republic and their impact on the native fish fauna,"Lusk, Stanislav; Luskova, Vera; Hanel, Lubomir",FOLIA ZOOLOGICA,2010,59,1,57,72,,38
1086,Non-Additive Effects of Genotypic Diversity Increase Floral Abundance and Abundance of Floral Visitors,"Genung, Mark A.; Lessard, Jean-Philippe; Brown, Claire B.; Bunn, Windy A.; Cregger, Melissa A.; Reynolds, Wm Nicholas; Felker-Quinn, Emmi; Stevenson, Mary L.; Hartley, Amanda S.; Crutsinger, Gregory M.; Schweitzer, Jennifer A.; Bailey, Joseph K.",PLOS ONE,2010,5,1,,,10.1371/journal.pone.0008711,35
1087,Pollinator-mediated isolation in sympatric milkweeds (Asclepias): do floral morphology and insect behavior influence species boundaries?,"Kephart, S; Theiss, K",NEW PHYTOLOGIST,2004,161,1,265,277,10.1046/j.1469-8137.2003.00956.x,34
1088,The Value of Urban Vacant Land to Support Arthropod Biodiversity and Ecosystem Services,"Gardiner, Mary M.; Burkman, Caitlin E.; Prajzner, Scott P.",ENVIRONMENTAL ENTOMOLOGY,2013,42,6,1123,1136,10.1603/EN12275,33
1089,"Is floral diversification associated with pollinator divergence? Flower shape, flower colour and pollinator preference in chilean Mimulus","Cooley, A. M.; Carvallo, G.; Willis, J. H.",ANNALS OF BOTANY,2008,101,5,641,650,10.1093/aob/mcn014,33
1090,Little evidence for negative effects of an invasive alien plant on pollinator services,"Nielsen, Charlotte; Heimes, Christine; Kollmann, Johannes",BIOLOGICAL INVASIONS,2008,10,8,1353,1363,10.1007/s10530-007-9210-1,32
1091,Delayed and carryover effects of salinity on flowering in Iris hexagona (Iridaceae),"Van Zandt, PA; Mopper, S",AMERICAN JOURNAL OF BOTANY,2002,89,11,1847,1851,,32
1092,Using DNA Metabarcoding to Identify the Floral Composition of Honey: A New Tool for Investigating Honey Bee Foraging Preferences,"Hawkins, Jennifer; de Vere, Natasha; Griffith, Adelaide; Ford, Col R.; Allainguillaume, Joel; Hegarty, Matthew J.; Baillie, Les; Adams-Groom, Beverley",PLOS ONE,2015,10,8,,,10.1371/journal.pone.0134735,31
1093,Direct and indirect effects of land use on floral resources and flower-visiting insects across an urban landscape,"Matteson, K. C.; Grace, J. B.; Minor, E. S.",OIKOS,2013,122,5,682,694,10.1111/j.1600-0706.2012.20229.x,31
1094,Local and management variables outweigh landscape effects in enhancing the diversity of different taxa in a big metropolis,"Shwartz, Assaf; Muratet, Audrey; Simon, Laurent; Julliard, Romain",BIOLOGICAL CONSERVATION,2013,157,,285,292,10.1016/j.biocon.2012.09.009,31
1095,Density-dependent pollen limitation and reproductive assurance in a wind-pollinated herb with contrasting sexual systems,"Hesse, Elze; Pannell, John R.",JOURNAL OF ECOLOGY,2011,99,6,1531,1539,10.1111/j.1365-2745.2011.01880.x,31
1096,Negative effects of habitat degradation and fragmentation on the declining grassland plant Trifolium montanum,"Schleuning, Matthias; Niggemann, Marc; Becker, Ute; Matthies, Diethart",BASIC AND APPLIED ECOLOGY,2009,10,1,61,69,10.1016/j.baae.2007.12.002,31
1097,Pollinating animals in the urban environment,"Hennig, Ernest Ireneusz; Ghazoul, Jaboury",URBAN ECOSYSTEMS,2012,15,1,149,166,10.1007/s11252-011-0202-7,30
1098,Beautes fatales: Acanthaceae species as invasive alien plants on tropical Indo-Pacific Islands,"Meyer, JY; Lavergne, C",DIVERSITY AND DISTRIBUTIONS,2004,10,05-Jun,333,U4,10.1111/j.1366-9516.2004.00094.x,29
1099,Reproductive escape: annual plant responds to butterfly eggs by accelerating seed production,"Lucas-Barbosa, Dani; van Loon, Joop J. A.; Gols, Rieta; van Beek, Teris A.; Dicke, Marcel",FUNCTIONAL ECOLOGY,2013,27,1,245,254,10.1111/1365-2435.12004,28
1100,Pollination of endangered Cuban cycad Microcycas calocoma (Miq) A DC,"Vovides, AP; Ogata, N; Sosa, V; Pena-Garcia, E",BOTANICAL JOURNAL OF THE LINNEAN SOCIETY,1997,125,3,201,210,10.1111/j.1095-8339.1997.tb02254.x,28
1101,The conservation value of urban green space habitats for Australian native bee communities,"Threlfall, Caragh G.; Walker, Ken; Williams, Nicholas S. G.; Hahs, Amy K.; Mata, Luis; Stork, Nigel; Livesley, Stephen J.",BIOLOGICAL CONSERVATION,2015,187,,240,248,10.1016/j.biocon.2015.05.003,27
1102,Two Bee-Pollinated Plant Species Show Higher Seed Production when Grown in Gardens Compared to Arable Farmland,"Cussans, John; Goulson, David; Sanderson, Roy; Goffe, Louis; Darvill, Ben; Osborne, Juliet L.",PLOS ONE,2010,5,7,,,10.1371/journal.pone.0011753,27
1103,"Differences in gene flow in a twofold secondary contact zone of pond turtles in southern Italy (Testudines: Emydidae: Emys orbicularis galloitalica, E. o. hellenica, E. trinacris)","Vamberger, Melita; Stuckas, Heiko; Sacco, Francesco; D'Angelo, Stefania; Arculeo, Marco; Cheylan, Marc; Corti, Claudia; Lo Valvo, Mario; Marrone, Federico; Wink, Michael; Fritz, Uwe",ZOOLOGICA SCRIPTA,2015,44,3,233,249,10.1111/zsc.12102,26
1104,Gender dimorphism and mycorrhizal symbiosis affect floral visitors and reproductive output in Geranium sylvaticum,"Varga, Sandra; Kytoviita, Minna-Maarit",FUNCTIONAL ECOLOGY,2010,24,4,750,758,10.1111/j.1365-2435.2010.01708.x,26
1105,"Humans, bees, and pollination services in the city: the case of Chicago, IL (USA)","Lowenstein, David M.; Matteson, Kevin C.; Xiao, Iyan; Silva, Alexandra M.; Minor, Emily S.",BIODIVERSITY AND CONSERVATION,2014,23,11,2857,2874,10.1007/s10531-014-0752-0,25
1106,EDITOR'S CHOICE: Enhancing gardens as habitats for flower-visiting aerial insects (pollinators): should we plant native or exotic species?,"Salisbury, Andrew; Armitage, James; Bostock, Helen; Perry, Joe; Tatchell, Mark; Thompson, Ken",JOURNAL OF APPLIED ECOLOGY,2015,52,5,1156,1164,10.1111/1365-2664.12499,24
1107,Small scale additions of native plants fail to increase beneficial insect richness in urban gardens,"Matteson, Kevin C.; Langellotto, Gail A.",INSECT CONSERVATION AND DIVERSITY,2011,4,2,89,98,10.1111/j.1752-4598.2010.00103.x,24
1108,Structure of a fig wasp community: Temporal segregation of oviposition and larval diets,"Wang, Rui Wu; Zheng, Qi",SYMBIOSIS,2008,45,01-Mar,113,116,,24
1109,Urban plants as genetic reservoirs or threats to the integrity of bushland plant populations,"Roberts, David G.; Ayre, David J.; Whelan, Robert J.",CONSERVATION BIOLOGY,2007,21,3,842,852,10.1111/j.1523-1739.2007.00691.x,24
1110,"Genetic population structure, fitness variation and the importance of population history in remnant populations of the endangered plant Silene chlorantha (Willd.) Ehrh. (Caryophyllaceae)","Lauterbach, D.; Ristow, M.; Gemeinholzer, B.",PLANT BIOLOGY,2011,13,4,667,677,10.1111/j.1438-8677.2010.00418.x,23
1111,"Pollinator preferences and the persistence of crop genes in wild radish populations (Raphanus raphanistrum, Brassicaceae)","Lee, TN; Snow, AA",AMERICAN JOURNAL OF BOTANY,1998,85,3,333,339,10.2307/2446325,22
1112,Urbanization Drives a Reduction in Functional Diversity in a Guild of Nectar-feeding Birds,"Pauw, Anton; Louw, Kirsten",ECOLOGY AND SOCIETY,2012,17,2,,,10.5751/ES-04758-170227,21
1113,Global invasion by Anthidium manicatum (Linnaeus) (Hymenoptera: Megachilidae): assessing potential distribution in North America and beyond,"Strange, James P.; Koch, Jonathan B.; Gonzalez, Victor H.; Nemelka, Lindsay; Griswold, Terry",BIOLOGICAL INVASIONS,2011,13,9,2115,2133,10.1007/s10530-011-0030-y,21
1114,Pollen specialization by solitary bees in an urban landscape,"MacIvor, J. S.; Cabral, J. M.; Packer, L.",URBAN ECOSYSTEMS,2014,17,1,139,147,10.1007/s11252-013-0321-4,20
1115,Pollinator nesting guilds respond differently to urban habitat fragmentation in an oak-savannah ecosystem,"Neame, Lisa A.; Griswold, Terry; Elle, Elizabeth",INSECT CONSERVATION AND DIVERSITY,2013,6,1,57,66,10.1111/j.1752-4598.2012.00187.x,18
1116,A chemical perspective on the evolution of variation in Eucalyptus globulus,"Wallis, Ian R.; Keszei, Andras; Henery, Martin L.; Moran, Gavin F.; Forrester, Robert; Maintz, Jens; Marsh, Karen J.; Andrew, Rose L.; Foley, William J.",PERSPECTIVES IN PLANT ECOLOGY EVOLUTION AND SYSTEMATICS,2011,13,4,305,318,10.1016/j.ppees.2011.05.005,18
1117,"Pollinator and nonpollinator selection on ray morphology in Leucanthemum vulgare (oxeye daisy, Asteraceae)","Andersson, Stefan",AMERICAN JOURNAL OF BOTANY,2008,95,9,1072,1078,10.3732/ajb.0800087,18
1118,AN INTEGRATED CONSERVATION STRATEGY FOR THE CYCAD DIOON-EDULE LINDL,"VOVIDES, AP; IGLESIAS, CG",BIODIVERSITY AND CONSERVATION,1994,3,2,137,141,10.1007/BF02291883,18
1119,'Bee Hotels' as Tools for Native Pollinator Conservation: A Premature Verdict?,"MacIvor, J. Scott; Packer, Laurence",PLOS ONE,2015,10,3,,,10.1371/journal.pone.0122126,17
1120,Going native? Flower use by bumblebees in English urban gardens,"Hanley, Mick E.; Awbi, Amanda J.; Franco, Miguel",ANNALS OF BOTANY,2014,113,5,799,806,10.1093/aob/mcu006,17
1121,Effect of the presence of nectar feeders on the breeding success of Salvia mexicana and Salvia fulgens in a suburban park near Mexico City,"Arizmendi, Maria del Coro; Constanza, Monterrubio-Solis; Lourdes, Juarez; Ivonne, Flores-Moreno; Edgar, Lopez-Saut",BIOLOGICAL CONSERVATION,2007,136,1,155,158,10.1016/j.biocon.2006.11.016,17
1122,Plant diversity and composition compensate for negative effects of urbanization on foraging bumble bees,"Huelsmann, Marietta; von Wehrden, Henrik; Klein, Alexandra-Maria; Leonhardt, Sara Diana",APIDOLOGIE,2015,46,6,760,770,10.1007/s13592-015-0366-x,16
1123,Diversity of wild bees supports pollination services in an urbanized landscape,"Lowenstein, David M.; Matteson, Kevin C.; Minor, Emily S.",OECOLOGIA,2015,179,3,811,821,10.1007/s00442-015-3389-0,16
1124,Floral and mating system divergence in secondary sympatry: testing an alternative hypothesis to reinforcement in Clarkia,"Runquist, Ryan D. Briscoe; Moeller, David A.",ANNALS OF BOTANY,2014,113,2,223,235,10.1093/aob/mct218,16
1125,A garden study of the effects of ultraviolet-B radiation on pollination success and lifetime female fitness in Brassica,"Conner, JK; Zangori, LA",OECOLOGIA,1997,111,3,388,395,10.1007/s004420050250,16
1126,Urban gardens promote bee foraging over natural habitats and plantations,"Kaluza, Benjamin F.; Wallace, Helen; Heard, Tim A.; Klein, Alexandra-Maria; Leonhardt, Sara D.",ECOLOGY AND EVOLUTION,2016,6,5,1304,1316,10.1002/ece3.1941,15
1127,"Public approval plus more wildlife: twin benefits of reduced mowing of amenity grass in a suburban public park in Saltdean, UK","Garbuzov, Mihail; Fensome, Katherine A.; Ratnieks, Francis L. W.",INSECT CONSERVATION AND DIVERSITY,2015,8,2,107,119,10.1111/icad.12085,15
1128,Extreme divergence in floral scent among woodland star species (Lithophragma spp.) pollinated by floral parasites,"Friberg, Magne; Schwind, Christopher; Raguso, Robert A.; Thompson, John N.",ANNALS OF BOTANY,2013,111,4,539,550,10.1093/aob/mct007,15
1129,Pollination Value of Male Bees: The Specialist Bee Peponapis pruinosa (Apidae) at Summer Squash (Cucurbita pepo),"Cane, James H.; Sampson, Blair J.; Miller, Stephanie A.",ENVIRONMENTAL ENTOMOLOGY,2011,40,3,614,620,10.1603/EN10084,15
1130,Realized tolerance to nectar robbing: compensation to floral enemies in Ipomopsis aggregata,"Irwin, Rebecca E.",ANNALS OF BOTANY,2009,103,9,1425,1433,10.1093/aob/mcp056,15
1131,Foraging behaviour of wild bees at hot pepper flowers (Capsicum annuum) and its possible influence on cross pollination,"Raw, A",ANNALS OF BOTANY,2000,85,4,487,492,10.1006/anbo.1999.1090,15
1132,The city as a refuge for insect pollinators,"Hall, Damon M.; Camilo, Gerardo R.; Tonietto, Rebecca K.; Ollerton, Jeff; Ahrne, Karin; Arduser, Mike; Ascher, John S.; Baldock, Katherine C. R.; Fowler, Robert; Frankie, Gordon; Goulson, Dave; Gunnarsson, Bengt; Hanley, Mick E.; Jackson, Janet I.; Langellotto, Gail; Lowenstein, David; Minor, Emily S.; Philpott, Stacy M.; Potts, Simon G.; Sirohi, Muzafar H.; Spevak, Edward M.; Stone, Graham N.; Threlfall, Caragh G.",CONSERVATION BIOLOGY,2017,31,1,24,29,10.1111/cobi.12840,14
1133,Diversity and abundance of solitary and primitively eusocial bees in an urban centre: a case study from Northampton (England),"Sirohi, Muzafar Hussain; Jackson, Janet; Edwards, Mike; Ollerton, Jeff",JOURNAL OF INSECT CONSERVATION,2015,19,3,487,500,10.1007/s10841-015-9769-2,14
1134,Contrasting impacts of pesticides on butterflies and bumblebees in private gardens in France,"Muratet, Audrey; Fontaine, Benoit",BIOLOGICAL CONSERVATION,2015,182,,148,154,10.1016/j.biocon.2014.11.045,14
1135,The Cost of Reinforcement: Selection on Flower Color in Allopatric Populations of Phlox drummondii*,"Hopkins, Robin; Rausher, Mark D.",AMERICAN NATURALIST,2014,183,5,693,710,10.1086/675495,14
1136,Garden and Landscape-Scale Correlates of Moths of Differing Conservation Status: Significant Effects of Urbanization and Habitat Diversity,"Bates, Adam J.; Sadler, Jon P.; Grundy, Dave; Lowe, Norman; Davis, George; Baker, David; Bridge, Malcolm; Freestone, Roger; Gardner, David; Gibson, Chris; Hemming, Robin; Howarth, Stephen; Orridge, Steve; Shaw, Mark; Tams, Tom; Young, Heather",PLOS ONE,2014,9,1,,,10.1371/journal.pone.0086925,14
1137,Gardening in the desert changes bee communities and pollination network characteristics,"Gotlieb, Ariella; Hollender, Yael; Mandelik, Yael",BASIC AND APPLIED ECOLOGY,2011,12,4,310,320,10.1016/j.baae.2010.12.003,14
1138,Post-pollination barriers do not explain the persistence of two distinct Antirrhinum subspecies with parapatric distribution,"Andalo, C.; Cruzan, M. B.; Cazettes, C.; Pujol, B.; Burrus, M.; Thebaud, C.",PLANT SYSTEMATICS AND EVOLUTION,2010,286,03-Apr,223,234,10.1007/s00606-010-0303-4,14
1139,Domesticated honey bees evolutionarily reduce flower nectar volume in a Tibetan lotus,"Mu, Junpeng; Peng, Youhong; Xi, Xinqiang; Wu, Xinwei; Griffin, John N.; Niklas, Karl J.; Sun, Shucun",ECOLOGY,2014,95,11,3161,3172,,13
1140,The most effective pollinator revisited: pollen dynamics in a spring-flowering herb,"Zych, Marcin; Goldstein, Jan; Roguz, Katarzyna; Stpiczynska, Malgorzata",ARTHROPOD-PLANT INTERACTIONS,2013,7,3,315,322,10.1007/s11829-013-9246-3,13
1141,Genetic diversity analysis of the endangered slipper orchid Phragmipedium longifolium in Costa Rica,"Munoz, Melania; Warner, Jorge; Albertazzi, Federico J.",PLANT SYSTEMATICS AND EVOLUTION,2010,290,01-Apr,217,223,10.1007/s00606-010-0362-6,13
1142,"Pollinator effectiveness on co-occurring milkweeds (Asclepias; Apocynaceae, Asclepiadoideae)","Theiss, Kathryn; Kephart, Susan; Ivey, Christopher T.",ANNALS OF THE MISSOURI BOTANICAL GARDEN,2007,94,2,505,516,10.3417/0026-6493(2007)94[505:PEOCMA]2.0.CO;2,13
1143,Cost limitation through constrained oviposition site in a plant-pollinator/seed predator mutualism,"Labouche, Anne-Marie; Bernasconi, Giorgina",FUNCTIONAL ECOLOGY,2013,27,2,509,521,10.1111/1365-2435.12062,12
1144,Biological Flora of the British Isles: Spiranthes spiralis (L.) Chevall.,"Jacquemyn, Hans; Hutchings, Michael J.",JOURNAL OF ECOLOGY,2010,98,5,1253,1267,10.1111/j.1365-2745.2010.01701.x,12
1145,Breeding system of the subantarctic plant species Pringlea antiscorbutica R. Br. and search for potential insect pollinators in the Kerguelen Islands,"Schermann-Legionnet, Agnes; Hennion, Francoise; Vernon, Philippe; Atlan, Anne",POLAR BIOLOGY,2007,30,9,1183,1193,10.1007/s00300-007-0275-1,12
1146,Sex in advertising: dioecy alters the net benefits of attractiveness in Sagittaria latifolia (Alismataceae),"Vamosi, Jana C.; Vamosi, Steven M.; Barrett, Spencer C. H.",PROCEEDINGS OF THE ROYAL SOCIETY B-BIOLOGICAL SCIENCES,2006,273,1599,2401,2407,10.1098/rspb.2006.3599,12
1147,Flower constancy of the stingless bee Trigona carbonaria Smith (Hymenoptera : Apidae : Meliponini),"White, D; Cribb, BW; Heard, TA",AUSTRALIAN JOURNAL OF ENTOMOLOGY,2001,40,,61,64,10.1046/j.1440-6055.2001.00201.x,12
1148,Breeding systems of Ardisia Sw (Myrsinaceae),"Pascarella, JB",BRITTONIA,1997,49,1,45,53,10.2307/2807693,12
1149,Listmania: The Strengths and Weaknesses of Lists of Garden Plants to Help Pollinators,"Garbuzov, Mihail; Ratnieks, Francis L. W.",BIOSCIENCE,2014,64,11,1019,1026,10.1093/biosci/biu150,11
1150,Influence of local and landscape factors on bumblebees in semi-natural meadows: a multiple-scale study in a forested landscape,"Diaz-Forero, Isabel; Kuusemets, Valdo; Maend, Marika; Liivamaegi, Ave; Kaart, Tanel; Luig, Jaan",JOURNAL OF INSECT CONSERVATION,2013,17,1,113,125,10.1007/s10841-012-9490-3,11
1151,Ant species identity mediates reproductive traits and allocation in an ant-garden bromeliad,"Leroy, Celine; Corbara, Bruno; Pelozuelo, Laurent; Carrias, Jean-Francois; Dejean, Alain; Cereghino, Regis",ANNALS OF BOTANY,2012,109,1,145,152,10.1093/aob/mcr253,11
1152,Do inefficient selfing and inbreeding depression challenge the persistence of the rare Dianthus guliae Janka (Caryophyllaceae)? Influence of reproductive traits on a plant's proneness to extinction,"Gargano, Domenico; Gullo, Teresa; Bernardo, Liliana",PLANT SPECIES BIOLOGY,2009,24,2,69,76,10.1111/j.1442-1984.2009.00239.x,11
1153,"Time-invariant differences between plant individuals in interactions with arthropods correlate with intraspecific variation in plant phenology, morphology and floral scent","Kuppler, Jonas; Hoefers, Maren K.; Wiesmann, Lisa; Junker, Robert R.",NEW PHYTOLOGIST,2016,210,4,1357,1368,10.1111/nph.13858,10
1154,"Plant Size as Determinant of Species Richness of Herbivores, Natural Enemies and Pollinators across 21 Brassicaceae Species","Schlinkert, Hella; Westphal, Catrin; Clough, Yann; Laszlo, Zoltan; Ludwig, Martin; Tscharntke, Teja",PLOS ONE,2015,10,8,,,10.1371/journal.pone.0135928,10
1155,Pollination mitigates cucumber yield gaps more than pesticide and fertilizer use in tropical smallholder gardens,"Motzke, Iris; Tscharntke, Teja; Wanger, Thomas C.; Klein, Alexandra-Maria",JOURNAL OF APPLIED ECOLOGY,2015,52,1,261,269,10.1111/1365-2664.12357,10
1156,"Bumblebees in the city: abundance, species richness and diversity in two urban habitats","Gunnarsson, Bengt; Federsel, Lisa Marie",JOURNAL OF INSECT CONSERVATION,2014,18,6,1185,1191,10.1007/s10841-014-9729-2,10
1157,Spillover of trap-nesting bees and wasps in an urban-rural interface,"Pereira-Peixoto, Maria Helena; Pufal, Gesine; Martins, Celso Feitosa; Klein, Alexandra-Maria",JOURNAL OF INSECT CONSERVATION,2014,18,5,815,826,10.1007/s10841-014-9688-7,10
1158,"The Effects of Integrated Marsh Management (IMM) on Salt Marsh Vegetation, Nekton, and Birds","Rochlin, Ilia; James-Pirri, Mary-Jane; Adamowicz, Susan C.; Dempsey, Mary E.; Iwanejko, Thomas; Ninivaggi, Dominick V.",ESTUARIES AND COASTS,2012,35,3,727,742,10.1007/s12237-011-9468-5,10
1159,Potential of invasive and native solitary specialist bee pollinators to help restore the rare cowhorn orchid (Cyrtopodium punctatum) in Florida,"Pemberton, Robert W.; Liu, Hong",BIOLOGICAL CONSERVATION,2008,141,7,1758,1764,10.1016/j.biocon.2008.04.016,10
1160,"Musa zaifui sp nov (Musaceae) from Yunnan, China","Hakkinen, Markku; Wang, Hong",NORDIC JOURNAL OF BOTANY,2008,26,01-Feb,42,46,10.1111/j.1756-1051.2008.00267.x,10
1161,Using DNA metabarcoding to investigate honey bee foraging reveals limited flower use despite high floral availability,"de Vere, Natasha; Jones, Laura E.; Gilmore, Tegan; Moscrop, Jake; Lowe, Abigail; Smith, Dan; Hegarty, Matthew J.; Creer, Simon; Ford, Col R.",SCIENTIFIC REPORTS,2017,7,,,,10.1038/srep42838,9
1162,Non-naturalized alien plants receive fewer flower visits than naturalized and native plants in a Swiss botanical garden,"Razanajatovo, Mialy; Foehr, Christine; Fischer, Markus; Prati, Daniel; van Kleunen, Mark",BIOLOGICAL CONSERVATION,2015,182,,109,116,10.1016/j.biocon.2014.11.043,9
1163,Pollination and seed set of an obligatory outcrossing plant in an urban-peri-urban gradient,"Verboven, Hans A. F.; Aertsen, Wim; Brys, Rein; Hermy, Martin",PERSPECTIVES IN PLANT ECOLOGY EVOLUTION AND SYSTEMATICS,2014,16,3,121,131,10.1016/j.ppees.2014.03.002,9
1164,Enhanced frugivory on invasive Silene latifolia in its native range due to increased oviposition,"Elzinga, Jelmer A.; Bernasconi, Giorgina",JOURNAL OF ECOLOGY,2009,97,5,1010,1019,10.1111/j.1365-2745.2009.01534.x,9
1165,Evolution and maintenance of pollen-colour dimorphisms in Nigella degenii: habitat-correlated variation and morph-by-environment interactions,"Jorgensen, TH; Andersson, S",NEW PHYTOLOGIST,2005,168,2,487,498,10.1111/j.1469-8137.2005.01525.x,9
1166,"Seed germination and reproductive features of Lysimachia minoricensis (Primulaceae), a wild-extinct plant","Rossello, JA; Mayol, M",ANNALS OF BOTANY,2002,89,5,559,562,10.1093/aob/mcf083,9
1167,Wild bees as pollinators of city trees,"Hausmann, Sebastian L.; Petermann, Jana S.; Rolff, Jens",INSECT CONSERVATION AND DIVERSITY,2016,9,2,97,107,10.1111/icad.12145,8
1168,Feeding damage to plants increases with plant size across 21 Brassicaceae species,"Schlinkert, Hella; Westphal, Catrin; Clough, Yann; Ludwig, Martin; Kabouw, Patrick; Tscharntke, Teja",OECOLOGIA,2015,179,2,455,466,10.1007/s00442-015-3353-z,8
1169,Modeling daily flowering probabilities: expected impact of climate change on Japanese cherry phenology,"Allen, Jenica M.; Terres, Maria A.; Katsuki, Toshio; Iwamoto, Kojiro; Kobori, Hiromi; Higuchi, Hiroyoshi; Primack, Richard B.; Wilson, Adam M.; Gelfand, Alan; Silander, John A., Jr.",GLOBAL CHANGE BIOLOGY,2014,20,4,1251,1263,10.1111/gcb.12364,8
1170,TWIN OIL SACS FACILITATE THE EVOLUTION OF A NOVEL TYPE OF POLLINATION UNIT (MERANTHIUM) IN A SOUTH AFRICAN ORCHID,"Steiner, Kim E.",AMERICAN JOURNAL OF BOTANY,2010,97,2,311,323,10.3732/ajb.0900239,8
1171,The evolutionary ecology of cheating: does superficial oviposition facilitate the evolution of a cheater yucca moth?,"Segraves, K. A.; Althoff, D. M.; Pellmyr, O.",ECOLOGICAL ENTOMOLOGY,2008,33,6,765,770,10.1111/j.1365-2311.2008.01031.x,8
1172,"Pollinators of tomato, Solanum lycopersicum (Solanaceae), in central Europe","Teppner, H",PHYTON-ANNALES REI BOTANICAE,2005,45,2,217,235,,8
1173,REPRODUCTIVE-BIOLOGY OF RAVENALA-MADAGASCARIENSIS GMEL AS AN ALIEN SPECIES,"CALLEY, M; BRAITHWAITE, RW; LADD, PG",BIOTROPICA,1993,25,1,61,72,10.2307/2388979,8
1174,Exposure to elevated pCO(2) alters post-treatment diel movement patterns of largemouth bass over short time scales,"Hasler, Caleb T.; Midway, Stephen R.; Jeffrey, Jennifer D.; Tix, John A.; Sullivan, Cody; Suski, Cory D.",FRESHWATER BIOLOGY,2016,61,9,1590,1600,10.1111/fwb.12805,7
1175,Genetic diversity and differentiation in the critically endangered orchid (Amitostigma hemipilioides): implications for conservation,"Yang, Qin; Fu, Yan; Wang, Yong-qing; Wang, Yun; Zhang, Wen-hua; Li, Xing-yuan; Reng, Yong-Quan; Zhang, Jie",PLANT SYSTEMATICS AND EVOLUTION,2014,300,5,871,879,10.1007/s00606-013-0926-3,7
1176,"Bees (Hymenoptera: Apoidea: Anthophila) of Gardiners Island, Suffolk County, New York","Ascher, John S.; Kornbluth, Sarah; Goelet, Robert G.",NORTHEASTERN NATURALIST,2014,21,1,47,71,10.1656/045.021.0105,7
1177,Biological Flora of the British Isles: Gunnera tinctoria,"Gioria, Margherita; Osborne, Bruce A.",JOURNAL OF ECOLOGY,2013,101,1,243,264,10.1111/1365-2745.12022,7
1178,Geobotany of the Niobrara chalk barrens in Colorado: A study of edaphic endemism,"Kelso, S; Bower, NW; Heckmann, KE; Beardsley, PM; Greve, DG",WESTERN NORTH AMERICAN NATURALIST,2003,63,3,299,313,,7
1179,Specialization in the yucca-yucca moth obligate pollination mutualism: A role for antagonism?,"Althoff, David M.",AMERICAN JOURNAL OF BOTANY,2016,103,10,1803,1809,10.3732/ajb.1600053,6
1180,Reduced flight-to-light behaviour of moth populations exposed to long-term urban light pollution,"Altermatt, Florian; Ebert, Dieter",BIOLOGY LETTERS,2016,12,4,,,10.1098/rsbl.2016.0111,6
1181,Using citizen science to monitor pollination services,"Birkin, Linda; Goulson, Dave",ECOLOGICAL ENTOMOLOGY,2015,40,,3,11,10.1111/een.12227,6
1182,Complementary fruiting phenologies facilitate sharing of one pollinator fig wasp by two fig trees,"Liu, Gui-Xiang; Yang, Da-Rong; Peng, Yan-Qiong; Compton, Stephen G.",JOURNAL OF PLANT ECOLOGY,2015,8,2,197,206,10.1093/jpe/rtv022,6
1183,Recurrent modification of floral morphology in heterantherous Solanum reveals a parallel shift in reproductive strategy,"Vallejo-Marin, Mario; Walker, Catriona; Friston-Reilly, Philip; Solis-Montero, Lislie; Igic, Boris",PHILOSOPHICAL TRANSACTIONS OF THE ROYAL SOCIETY B-BIOLOGICAL SCIENCES,2014,369,1649,,,10.1098/rstb.2013.0256,6
1184,"Reproductive ecology of Aloe plicatilis, a fynbos tree aloe endemic to the Cape Winelands, South Africa","Cousins, S. R.; Witkowski, E. T. F.; Pfab, M. F.; Riddles, R. E.; Mycock, D. J.",SOUTH AFRICAN JOURNAL OF BOTANY,2013,87,,52,65,10.1016/j.sajb.2013.02.174,6
1185,Variation in the reproductive performance of the Trollius-Chiastocheta mutualism at the edge of its range in north-east Germany,"Lemke, Tristan; Porembski, Stefan",OECOLOGIA,2013,172,2,437,447,10.1007/s00442-012-2500-z,6
1186,Friend or foe? Impacts of the introduced tropical oil bee Centris nitida on a threatened and specialized native mutualism in Southern Florida,"Downing, Jason L.; Liu, Hong",BIOLOGICAL INVASIONS,2012,14,10,2175,2185,10.1007/s10530-012-0223-z,6
1187,Carry-over effects of bumblebee associative learning in changing plant communities leads to increased costs of foraging,"Internicola, Antonina I.; Page, Paul A.; Bernasconi, Giorgina; Gigord, Luc D. B.",ARTHROPOD-PLANT INTERACTIONS,2009,3,1,17,26,10.1007/s11829-008-9051-6,6
1188,The influence of water level on the growth and photosynthesis of Hydrocotyle ranunculoides L.fil.,"Hussner, Andreas; Meyer, Christine",FLORA,2009,204,10,755,761,10.1016/j.flora.2008.10.005,6
1189,Dynamics of nectarivory in the House Sparrow in an urban environment,"Leveau, Lucas M.",ORNITOLOGIA NEOTROPICAL,2008,19,2,275,281,,6
1190,"Phenology and the production of seeds and wasps in Ficus microcarpa in Guangzhou, China","Lin, Shuling; Zhao, Nanxian; Chen, Yizhu",SYMBIOSIS,2008,45,01-Mar,101,105,,6
1191,Floral abundance and resource quality influence pollinator choice,"Fowler, Robert E.; Rotheray, Ellen L.; Goulson, Dave",INSECT CONSERVATION AND DIVERSITY,2016,9,6,481,494,10.1111/icad.12197,5
1192,Effects of florivory on plant-pollinator interactions: Implications for male and female components of plant reproduction,"Carper, Adrian L.; Adler, Lynn S.; Irwin, Rebecca E.",AMERICAN JOURNAL OF BOTANY,2016,103,6,1061,1070,10.3732/ajb.1600144,5
1193,"Eating locally: dance decoding demonstrates that urban honey bees in Brighton, UK, forage mainly in the surrounding urban area","Garbuzov, Mihail; Schurch, Roger; Ratnieks, Francis L. W.",URBAN ECOSYSTEMS,2015,18,2,411,418,10.1007/s11252-014-0403-y,5
1194,"Contrasting patterns of turnover between plants, pollinators and their interactions","Norfolk, Olivia; Eichhorn, Markus P.; Gilbert, Francis S.",DIVERSITY AND DISTRIBUTIONS,2015,21,4,405,415,10.1111/ddi.12295,5
1195,HIGH BUT VARIABLE OUTCROSSING RATES IN THE INVASIVE GERANIUM CAROLINIANUM (GERANIACEAE),"Shirk, Rebecca Y.; Hamrick, J. L.",AMERICAN JOURNAL OF BOTANY,2014,101,7,1200,1206,10.3732/ajb.1400224,5
1196,"DIFFERENTIATION OF FLORAL TRAITS ASSOCIATED WITH POLLINATOR PREFERENCE IN A GENERALIST-POLLINATED HERB, TROLLIUS RANUNCULOIDES (RANUNCULACEAE)","Zhao, Zhi-Gang; Huang, Shuang-Quan",INTERNATIONAL JOURNAL OF PLANT SCIENCES,2013,174,4,637,646,10.1086/669910,5
1197,"Significant differences in outcrossing rate, self-incompatibility, and inbreeding depression between two widely hybridizing species of Geum","Ruhsam, Markus; Hollingsworth, Peter M.; Squirrell, Jane; Ennos, Richard A.",BIOLOGICAL JOURNAL OF THE LINNEAN SOCIETY,2010,101,4,977,990,10.1111/j.1095-8312.2010.01552.x,5
1198,Taxonomic and functional trait diversity of wild bees in different urban settings,"Normandin, Etienne; Vereecken, Nicolas J.; Buddle, Christopher M.; Fournier, Valerie",PEERJ,2017,5,,,,10.7717/peerj.3051,4
1199,Interspecific reproductive barriers between sympatric populations of wild tomato species (Solanum section Lycopersicon),"Baek, You Soon; Royer, Suzanne M.; Broz, Amanda K.; Covey, Paul A.; Lopez-Casado, Gloria; Nunez, Reynaldo; Kear, Philip J.; Bonierbale, Merideth; Orillo, Matilde; van der Knaap, Esther; Stack, Stephen M.; McClure, Bruce; Chetelat, Roger T.; Bedinger, Patricia A.",AMERICAN JOURNAL OF BOTANY,2016,103,11,1964,1978,10.3732/ajb.1600356,4
1200,Flowering ground vegetation benefits wild pollinators and fruit set of almond within arid smallholder orchards,"Norfolk, Olivia; Eichhorn, Markus P.; Gilbert, Francis",INSECT CONSERVATION AND DIVERSITY,2016,9,3,236,243,10.1111/icad.12162,4
1201,"BIMBY's first steps: a pilot study on the contribution of residential front-yards in Phoenix and Maastricht to biodiversity, ecosystem services and urban sustainability","Beumer, Carijn; Martens, Pim",URBAN ECOSYSTEMS,2016,19,1,45,76,10.1007/s11252-015-0488-y,4
1202,"REMNANTS OF POPULATIONS PROVIDE EFFECTIVE SOURCE MATERIAL FOR REINTRODUCTION OF AN ENDANGERED HAWAIIAN PLANT, SCHIEDEA KAALAE (CARYOPHYLLACEAE)","Weisenberger, Lauren A.; Weller, Stephen G.; Sakai, Ann K.",AMERICAN JOURNAL OF BOTANY,2014,101,11,1954,1962,10.3732/ajb.1400271,4
1203,"Relationships of Bees to Host Ornamental and Weedy Flowers in Urban Northwest Guanacaste Province, Costa Rica","Frankie, G. W.; Vinson, S. B.; Rizzardi, M. A.; Griswold, T. L.; Coville, R. E.; Grayum, M. H.; Martinez, L. E. S.; Foltz-Sweat, J.; Pawelek, J. C.",JOURNAL OF THE KANSAS ENTOMOLOGICAL SOCIETY,2013,86,4,325,351,10.2317/JKES121222.1,4
1204,"Plant genotype, nutrients, and G X E interactions structure floral visitor communities","Burkle, Laura A.; Souza, Lara; Genung, Mark A.; Crutsinger, Gregory M.",ECOSPHERE,2013,4,9,,,10.1890/ES13-00039.1,4
1205,"Soil Conditions in Natural, Declining and Restored Heathlands Influence Plant-Pollinator Interactions of Calluna vulgaris","de la Pena, Eduardo; Van De Velde, Helena; Lens, Luc; Bonte, Dries",RESTORATION ECOLOGY,2012,20,5,603,611,10.1111/j.1526-100X.2011.00844.x,4
1206,"Pollen and ovule production, floral nectary structure, and nectar secretion dynamics in tristylous Lythrum salicaria L.","Caswell, Wade D.; Davis, Arthur R.",PLANT SYSTEMATICS AND EVOLUTION,2011,294,01-Feb,127,145,10.1007/s00606-011-0447-x,4
1207,Ornamental plants on sale to the public are a significant source of pesticide residues with implications for the health of pollinating insects,"Lentola, A.; David, A.; Abdul-Sada, A.; Tapparo, A.; Goulson, D.; Hill, E. M.",ENVIRONMENTAL POLLUTION,2017,228,,297,304,10.1016/j.envpol.2017.03.084,3
1208,Fitness-related selection on floral traits in the distylous plant Primula poissonii (Primulaceae),"Li, Hai-Dong; Zhao, Yan-Hui; Ren, Zong-Xin; Wu, Zhi-Kun; Wolfe, Lorne M.; Bernhardt, Peter; Wang, Hong",JOURNAL OF PLANT ECOLOGY,2017,10,3,559,568,10.1093/jpe/rtw055,3
1209,Insights from measuring pollen deposition: quantifying the pre-eminence of bees as flower visitors and effective pollinators,"Willmer, P. G.; Cunnold, H.; Ballantyne, G.",ARTHROPOD-PLANT INTERACTIONS,2017,11,3,411,425,10.1007/s11829-017-9528-2,3
1210,Plant size affects mutualistic and antagonistic interactions and reproductive success across 21 Brassicaceae species,"Schlinkert, Hella; Westphal, Catrin; Clough, Yann; Grass, Ingo; Helmerichs, Juliane; Tscharntke, Teja",ECOSPHERE,2016,7,12,,,10.1002/ecs2.1529/full,3
1211,Non-invasive naturalized alien plants were not more pollen-limited than invasive aliens and natives in a common garden,"Razanajatovo, Mialy; van Kleunen, Mark",FUNCTIONAL ECOLOGY,2016,30,9,1511,1520,10.1111/1365-2435.12633,3
1212,Focal Plant Observations as a Standardised Method for Pollinator Monitoring: Opportunities and Limitations for Mass Participation Citizen Science,"Roy, Helen E.; Baxter, Elizabeth; Saunders, Aoine; Pocock, Michael J. O.",PLOS ONE,2016,11,3,,,10.1371/journal.pone.0150794,3
1213,Self-Incompatibility in Ulex europaeus: Variations in Native and Invaded Regions,"Atlan, Anne; Schermann-Legionnet, Agnes; Udo, Nathalie; Tarayre, Michele",INTERNATIONAL JOURNAL OF PLANT SCIENCES,2015,176,6,515,524,10.1086/681669,3
1214,THE INFLUENCE OF NATURAL VARIATION IN POPULATION SIZE ON ECOLOGICAL AND QUANTITATIVE GENETICS OF THE ENDANGERED ENDEMIC PLANT HYPERICUM CUMULICOLA,"Oakley, Christopher G.",INTERNATIONAL JOURNAL OF PLANT SCIENCES,2015,176,1,11,19,10.1086/677946,3
1215,Culturally valuable minority crops provide a succession of floral resources for flower visitors in traditional orchard gardens,"Norfolk, Olivia; Eichhorn, Markus P.; Gilbert, Francis",BIODIVERSITY AND CONSERVATION,2014,23,13,3199,3217,10.1007/s10531-014-0775-6,3
1216,"Insect visitation rates to wild flowers increase in the presence of arid agriculture in South Sinai, Egypt","Norfolk, Olivia; Gilbert, Francis",JOURNAL OF ARID ENVIRONMENTS,2014,109,,83,87,10.1016/j.jaridenv.2014.05.002,3
1217,Honey bee colonies from different races show variation in defenses against the varroa mite in a 'common garden',"Kence, Meral; Oskay, Devrim; Giray, Tugrul; Kence, Aykut",ENTOMOLOGIA EXPERIMENTALIS ET APPLICATA,2013,149,1,36,43,10.1111/eea.12109,3
1218,"BREEDING BIOLOGIES, POLLINATORS, AND SEED BEETLES OF TWO PRAIRIE-CLOVERS, DALEA ORNATA AND DALEA SEARLSIAE (FABACEAE: AMORPHEAE), FROM THE INTERMOUNTAIN WEST, USA","Cane, James H.; Weber, Melissa; Miller, Stephanie",WESTERN NORTH AMERICAN NATURALIST,2012,72,1,16,20,10.3398/064.072.0102,3
1219,Solitary bees - Potential vectors for gene flow from cultivated to wild strawberries,"Schulze, Juerg; Oeschger, Lucia; Gross, Alexandra; Mueller, Andreas; Stoll, Peter; Erhardt, Andreas",FLORA,2012,207,10,762,767,10.1016/j.flora.2012.07.007,3
1220,"Pollination biology and reproduction of Seemannia sylvatica (Kunth) Hanstein (Gesneriaceae) in the Serra da Bodoquena National Park, Mato Grosso do Sul","Camargo, Eduardo; Rodrigues, Licleia da Cruz; Araujo, Andrea Cardoso",BIOTA NEOTROPICA,2011,11,4,125,130,10.1590/S1676-06032011000400013,3
1221,The gynoecium of male Anchietea pyrifolia (Violaceae): Preserved structure with a new function,"Hoffmann, Matthias H.; de Paula-Souza, Juliana; Flaeschendraeger, Axel; Roeser, Martin",FLORA,2010,205,7,429,433,10.1016/j.flora.2009.12.001,3
1222,"Insects associated with flowers of weeds of the Botanical Garden of Santiago de Cuba, with enfasis on Hymenoptera","Fernandez, JL; Garces, G; Portuondo, E; Valdes, P; Exposito, I",REVISTA DE BIOLOGIA TROPICAL,2001,49,03-Apr,1013,1026,,3
1223,To mow or to mow less: Lawn mowing frequency affects bee abundance and diversity in suburban yards,"Lerman, Susannah B.; Contosta, Alexandra R.; Milam, Joan; Bang, Christofer",BIOLOGICAL CONSERVATION,2018,221,,160,174,10.1016/j.biocon.2018.01.025,2
1224,Sweat bees on hot chillies: provision of pollination services by native bees in traditional slash-and-burn agriculture in the Yucatan Peninsula of tropical Mexico,"Landaverde-Gonzalez, Patricia; Quezada-Euan, Jose Javier G.; Theodorou, Panagiotis; Murray, Tomas E.; Husemann, Martin; Ayala, Ricardo; Moo-Valle, Humberto; Vandame, Remy; Paxton, Robert J.",JOURNAL OF APPLIED ECOLOGY,2017,54,6,1814,1824,10.1111/1365-2664.12860,2
1225,Warmest extreme year in US history alters thermal requirements for tree phenology,"Carter, Jacob M.; Orive, Maria E.; Gerhart, Laci M.; Stern, Jennifer H.; Marchin, Renee M.; Nagel, Joane; Ward, Joy K.",OECOLOGIA,2017,183,4,1197,1210,10.1007/s00442-017-3838-z,2
1226,Opportunistic use of banana flower bracts by Glossophaga soricina,"Murphy, Meghan; Clare, Elizabeth L.; Rydell, Jens; Yovel, Yossi; Bar-On, Yinon; Oelbaum, Phillip; Fenton, M. Brock",ACTA CHIROPTEROLOGICA,2016,18,1,209,213,10.3161/15081109ACC2016.18.1.011,2
1227,Breeding system of the critically endangered Lakela's Mint and influence of plant height on pollinators and seed output,"Richardson, Matthew L.; Keathley, Craig P.; Peterson, Cheryl L.",POPULATION ECOLOGY,2016,58,2,277,284,10.1007/s10144-015-0531-0,2
1228,Salvia apiana - A carpenter bee flower?,"Ott, Daniela; Huehn, Philipp; Classen-Bockhoff, Regine",FLORA,2016,221,,82,91,10.1016/j.flora.2015.12.008,2
1229,INCREASED POLLINATOR ACTIVITY IN URBAN GARDENS WITH MORE NATIVE FLORA,"Fukase, J.; Simons, A. M.",APPLIED ECOLOGY AND ENVIRONMENTAL RESEARCH,2016,14,1,297,310,,2
1230,Using the British National Collection of Asters to Compare the Attractiveness of 228 Varieties to Flower-Visiting Insects,"Garbuzov, Mihail; Ratnieks, Francis L. W.",ENVIRONMENTAL ENTOMOLOGY,2015,44,3,638,646,10.1093/ee/nvv037,2
1231,ORNAMENTAL REPRESENTATIVES OF THE GENUS CENTAUREA L. AS A POLLEN SOURCE FOR BEE FRIENDLY GARDENS,"Denisow, Bozena; Strzalkowska-Abramek, Monika; Bozek, Malgorzata; Jezak, Anna",JOURNAL OF APICULTURAL SCIENCE,2014,58,2,49,58,10.2478/JAS-2014-0016,2
1232,Sexual Dimorphism of Staminate- and Pistillate-Phase Flowers of Saponaria officinalis (Bouncing Bet) Affects Pollinator Behavior and Seed Set,"Davis, Sandra L.; Dudle, Dana A.; Nawrocki, Jenna R.; Freestone, Leah M.; Konieczny, Peter; Tobin, Michael B.; Britton, Michael M.",PLOS ONE,2014,9,4,,,10.1371/journal.pone.0093615,2
1233,Estimation of the polleniferous potential of a Mediterranean landscape through the analysis of pollen harvested by Apis mellifera L.,"Vergara Lopez, Juan Manuel; Gil Vives, Lorenzo; Boi, Marzia",GRANA,2013,52,2,147,159,10.1080/00173134.2012.758775,2
1234,Multi-scale assessment of pollination of Lotus corniculatus (L.) in a peri-urban fringe,"Pellissier, Vincent; Maurel, Noelie; Machon, Nathalie",PLANT ECOLOGY & DIVERSITY,2013,6,2,195,203,10.1080/17550874.2012.755227,2
1235,Biological Flora of the British Isles: Stachys palustris L.,"Taylor, Kenneth; Rowland, Phillip",JOURNAL OF ECOLOGY,2011,99,4,1081,1090,10.1111/j.1365-2745.2011.01849.x,2
1236,Interaction of flowers flies (Diptera: Syrphidae) and Salvia bogotensis (Lamiaceae) in the Botanical Garden of Bogota (Colombia),"Zamora-Carrillo, Monica; Amat-Garcia, German D.; Luis Fernandez-Alonso, Jose",CALDASIA,2011,33,2,453,470,,2
1237,"Time-activity budgets and behaviour of the Amazilia hummingbird, Amazilia amazilia (Apodiformes : Trochilidae) in an urban environment","Calvino-Cancela, M.",REVISTA DE BIOLOGIA TROPICAL,2006,54,3,873,878,,2
1238,"Floral reward and insect visitation in ornamental deutzias (Deutzia spp.), Saxifragaceae sensu lato","Masierowska, Marzena L.",JOURNAL OF APICULTURAL RESEARCH,2006,45,1,13,19,10.1080/00218839.2006.11101306,2
1239,The self-compatibility in Impatiens balsamina (a long-day variety),"Kulawiec, M; Teske, E; Sniezko, R",ACTA SOCIETATIS BOTANICORUM POLONIAE,1996,65,01-Feb,107,109,,2
1240,A Natural History of Change in Native Bees Associated with Lowbush Blueberry in Maine,"Drummond, Francis A.; Dibble, Alison C.; Stubbs, Constance; Bushmann, Sara L.; Ascher, John S.; Ryan, Jennifer",NORTHEASTERN NATURALIST,2017,24,,49,68,,1
1241,Big city Bombus: using natural history and land-use history to find significant environmental drivers in bumble-bee declines in urban development,"Glaum, Paul; Simao, Maria-Carolina; Vaidya, Chatura; Fitch, Gordon; Iulinao, Benjamin",ROYAL SOCIETY OPEN SCIENCE,2017,4,5,,,10.1098/rsos.170156,1
1242,FLOWERING PLANTS PREFERRED BY BUMBLEBEES (BOMBUSLATR.) IN THE BOTANICAL GARDEN OF MEDICINAL PLANTS IN WROCLAW,"Sikora, Aneta; Micholap, Pawel; Kelm, Maria",JOURNAL OF APICULTURAL SCIENCE,2016,60,2,59,67,,1
1243,Interactions between the Bumblebee Bombus pascuorum and Red Clover (Trifolium pratense) Are Mediated by Plant Genetic Background,"Sands, Richard J.; Rowntree, Jennifer K.",PLOS ONE,2016,11,8,,,10.1371/journal.pone.0161327,1
1244,Predicting plant attractiveness to pollinators with passive crowdsourcing,"Bahlai, Christie A.; Landis, Douglas A.",ROYAL SOCIETY OPEN SCIENCE,2016,3,6,,,10.1098/rsos.150677,1
1245,POPULATION DIFFERENTIATION IN EARLY LIFE HISTORY TRAITS OF CLEOME LUTEA VAR. LUTEA IN THE INTERMOUNTAIN WEST,"Hintz, Lisa; Eshleman, Magdalena M.; Foxx, Alicia; Wood, Troy E.; Kramer, Andrea",WESTERN NORTH AMERICAN NATURALIST,2016,76,1,6,17,10.3398/064.076.0103,1
1246,Landscaping pebbles attract nesting by the native ground-nesting bee Halictus rubicundus (Hymenoptera: Halictidae),"Cane, James H.",APIDOLOGIE,2015,46,6,728,734,10.1007/s13592-015-0364-z,1
1247,"Genetic and Morphological Assessments of Hybridization Between Two Non-Native Geoemydid Turtles, Mauremys reevesii and Mauremys mutica, in Northcentral Japan","Fujii, Ryo; Ota, Hidetoshi; Toda, Mamoru",CHELONIAN CONSERVATION AND BIOLOGY,2014,13,2,191,201,10.2744/CCB-1067.1,1
1248,Australian acacias across eastern Adriatic - abundant but not aggressive,"Giovanetti, Manuela; Vukovic, Nina; Jelaska, Sven. D.",PERIODICUM BIOLOGORUM,2014,116,3,275,283,,1
1249,Plastic nesting behavior of Centris (Centris) flavifrons (Hymenoptera: Apidae: Centridini) in an urban area,"Martins, Celso F.; Peixoto, Marcella P.; Aguiar, Candida M. L.",APIDOLOGIE,2014,45,2,156,171,10.1007/s13592-013-0235-4,1
1250,"Self-Incompatibility in Byrsonima lucida (Malpighiaceae), a Threatened Pine Rockland Specialist","Downing, Jason L.; Liu, Hong",CASTANEA,2013,78,2,95,102,10.2179/12-031,1
1251,"A GLOBALLY RARE COASTAL SALT POND MARSH SYSTEM AT ODIORNE POINT STATE PARK, RYE, NEW HAMPSHIRE","Nichols, William F.; Moore, Gregg E.; Ritter, Nur P.; Peter, Chris R.",RHODORA,2013,115,961,1,27,10.3119/12-09,1
1252,Genetic variation for susceptibility to storm-induced stem breakage in Solidago altissima: The role of stem height and morphology,"Wise, Michael J.; Abrahamson, Warren G.",ACTA OECOLOGICA-INTERNATIONAL JOURNAL OF ECOLOGY,2010,36,4,372,376,10.1016/j.actao.2010.03.003,1
1253,Life history monographs of Japanese plants: A new series,"Kawano, Shoichi; Ohara, Masashi",PLANT SPECIES BIOLOGY,2004,19,3,209,212,10.1111/j.1442-1984.2004.00117.x,1
1254,Science round-up - Helping bumble bees with Bombus nest boxes,"Munn, P",BEE WORLD,1998,79,1,44,48,10.1080/0005772X.1998.11099377,1
1255,"Buzzing on top: Linking wild bee diversity, abundance and traits with green roof qualities","Kratschmer, Sophie; Kriechbaum, Monika; Pachinger, Baerbel",URBAN ECOSYSTEMS,2018,21,3,429,446,10.1007/s11252-017-0726-6,0
1256,Perennial ground cover plants as floral resources for urban pollinators: A case of Geranium species,"Masierowska, Marzena; Stawiarz, Ernest; Rozwalka, Robert",URBAN FORESTRY & URBAN GREENING,2018,32,,185,194,10.1016/j.ufug.2018.03.018,0
1257,Potential of an Algorithm in Assessing Attractiveness of Flowering Plants to Bumblebees (Hymenoptera: Apidae) and Their Subsequent Protection as Pollinators,"Micholap, Pawel; Kelm, Maria; Sikora, Aneta",JOURNAL OF ENTOMOLOGICAL SCIENCE,2018,53,2,251,267,,0
1258,High genotypic diversity and strong spatial structure in populations of Trifolium alpestre with low seed production,"Kaljund, Karin; Leht, Malle; Jaaska, Vello",NORDIC JOURNAL OF BOTANY,2018,36,4,,,10.1111/njb.01705,0
1259,Phenological shifts and flower visitation of 185 lowland and alpine species in a lowland botanical garden,"Razanajatovo, Mialy; Fohr, Christine; van Kleunen, Mark; Fischer, Markus",ALPINE BOTANY,2018,128,1,23,33,10.1007/s00035-018-0201-x,0
1260,Ecological causes and consequences of flower color polymorphism in a self-pollinating plant (Boechera stricta),"Vaidya, Priya; McDurmon, Ansley; Mattoon, Emily; Keefe, Michaela; Carley, Lauren; Lee, Cheng-Ruei; Bingham, Robin; Anderson, Jill T.",NEW PHYTOLOGIST,2018,218,1,380,392,10.1111/nph.14998,0
1261,Public Knowledge of Monarchs and Support for Butterfly Conservation,"Penn, Jerrod; Penn, Hannah; Hu, Wuyang",SUSTAINABILITY,2018,10,3,,,10.3390/su10030807,0
1262,Assessing residential front yards using Google Street View and geospatial video: A virtual survey approach for urban pollinator conservation,"Burr, Andrea; Schaeg, Nicole; Hall, Damon M.",APPLIED GEOGRAPHY,2018,92,,12,20,10.1016/j.apgeog.2018.01.010,0
1263,Food plants and foraging distances for the native bee &ITLasioglossum sordidum&IT in Christchurch Botanic Gardens,"Bennet, Della G.; Kelly, Dave; Clemens, John",NEW ZEALAND JOURNAL OF ECOLOGY,2018,42,1,40,47,10.20417/nzjecol.42.1,0
1264,"Variability of bumblebee communities (Apidae, Bombini) in urban green areas","Micholap, Pawel; Sikora, Aneta; Kelm, Maria; Sikora, Marcin",URBAN ECOSYSTEMS,2017,20,6,1339,1345,10.1007/s11252-017-0686-x,0
1265,Patterns of pollinator turnover and increasing diversity associated with urban habitats,"Martins, Kyle T.; Gonzalez, Andrew; Lechowicz, Martin J.",URBAN ECOSYSTEMS,2017,20,6,1359,1371,10.1007/s11252-017-0688-8,0
1266,Urbanization-mediated context dependence in the effect of floral neighborhood on pollinator visitation,"Fitch, Gordon M.",OECOLOGIA,2017,185,4,713,723,10.1007/s00442-017-3982-5,0
1267,"Floral abundance, richness, and spatial distribution drive urban garden bee communities","Plascencia, M.; Philpott, S. M.",BULLETIN OF ENTOMOLOGICAL RESEARCH,2017,107,5,658,667,10.1017/S0007485317000153,0
1268,Pollination of Ficus elastica: India rubber re-establishes sexual reproduction in Singapore,"Harrison, Rhett D.; Chong, Kwek Yan; Pham, Nguyet Minh; Yee, Alex T. K.; Yeo, Chow Khoon; Tan, Hugh T. W.; Rasplus, Jean-Yves",SCIENTIFIC REPORTS,2017,7,,,,10.1038/s41598-017-09873-z,0
1269,Urbanization alters communities of flying arthropods in parks and gardens of a medium-sized city,"Lagucki, Edward; Burdine, Justin D.; McCluney, Kevin E.",PEERJ,2017,5,,,,10.7717/peerj.3620,0
1270,"A Checklist of the Bees (Hymenoptera: Apoidea) of St. Louis, Missouri, USA","Camilo, Gerardo R.; Muniz, Paige A.; Arduser, Michael S.; Spevak, Edward M.",JOURNAL OF THE KANSAS ENTOMOLOGICAL SOCIETY,2017,90,3,175,188,10.2317/0022-8567-90.3.175,0
1271,"Floral and pollination biology, breeding system and nectar traits of Callistemon citrinus (Myrtaceae) cultivated in India","Chauhan, S.; Chauhan, S. V. S.; Galetto, L.",SOUTH AFRICAN JOURNAL OF BOTANY,2017,111,,319,325,10.1016/j.sajb.2017.04.010,0
1272,"Right here, right now: Populations of Actinotus helianthi differ in their early performance traits and interactions","Emery, Nathan J.; Henwood, Murray J.; Offord, Catherine A.; Wardle, Glenda M.",AUSTRAL ECOLOGY,2017,42,3,367,378,10.1111/aec.12450,0
1273,Pollinator diversity and reproductive success of Epipactis helleborine (L.) Crantz (Orchidaceae) in anthropogenic and natural habitats,"Rewicz, Agnieszka; Jaskula, Radomir; Rewicz, Tomasz; Tonczyk, Grzegorz",PEERJ,2017,5,,,,10.7717/peerj.3159,0
1274,Bee-friendly community gardens: Impact of environmental variables on the richness and abundance of exotic and native bees,"Makinson, James C.; Threlfall, Caragh G.; Latty, Tanya",URBAN ECOSYSTEMS,2017,20,2,463,476,10.1007/s11252-016-0607-4,0
1275,Most ornamental plants on sale in garden centres are unattractive to flower-visiting insects,"Garbuzov, Mihail; Alton, Karin; Ratnieks, Francis L. W.",PEERJ,2017,5,,,,10.7717/peerj.3066,0
1276,Unusual population attributes of invasive red-eared slider turtles (Trachemys scripta elegans) in Japan: do they have a performance advantage?,"Taniguchi, Mari; Lovich, Jeffrey E.; Mine, Kanako; Ueno, Shintaro; Kamezaki, Naoki",AQUATIC INVASIONS,2017,12,1,97,108,10.3391/ai.2017.12.1.10,0
1277,Ecological and evolutionary consequences of tri-trophic interactions: Spatial variation and effects of plant density(1),"Abdala-Roberts, Luis; Parra-Tabla, Victor; Moreira, Xoaquin; Ramos-Zapata, Jose",AMERICAN JOURNAL OF BOTANY,2017,104,2,241,251,10.3732/ajb.1600358,0
1278,An Unusual Nesting Site by Leaf Cutter Bee Megachile (Aethomegachile) laticeps Smith,"Amala, U.; Shivalingaswamy, T. M.; Kumar, Veeresh",JOURNAL OF THE KANSAS ENTOMOLOGICAL SOCIETY,2017,90,1,77,81,,0
1279,Pan Trap Designs for Monitoring Pollinators and Other Beneficial Insects in Conservation Gardens(1),"Harris, B. A.; Braman, S. K.; Pennisi, S. V.",JOURNAL OF ENTOMOLOGICAL SCIENCE,2017,52,1,9,14,10.18474/JES16-13.1,0
1280,Maintenance of mixed mating after the loss of self-incompatibility in a long-lived perennial herb,"Voillemot, Marie; Pannell, John R.",ANNALS OF BOTANY,2017,119,1,177,190,10.1093/aob/mcw203,0
1281,Contrasting effects of ploidy level on seed production in a diploid-tetraploid system,"Munzbergova, Zuzana; Skuhrovec, Jiri",AOB PLANTS,2017,9,,,,10.1093/aobpla/plw077,0
1282,Seasonal and diurnal patterns of activity in honeybees (Apis spp.) on the northern edge of the Asian tropics; their implications for the climate-change resilience of pollination,"Cui, Qinglan; Corlett, Richard T.",TROPICAL CONSERVATION SCIENCE,2016,9,3,,,10.1177/1940082916667142,0
1283,Different pollinator assemblages ensure reproductive success of Cleisostoma linearilobatum (Orchidaceae) in fragmented holy hill forest and traditional tea garden,"Zhou, Xiang; Liu, Qiang; Han, Jessie Yc; Gao, JiangYun",SCIENTIFIC REPORTS,2016,6,,,,10.1038/srep21435,0
1284,"A casual alien plant new to Mediterranean Europe: Ceiba speciosa (Malvaceae) in the suburban area of Palermo (NW Sicily, Italy)","Pasta, Salvatore; La Mantia, Tommaso; Badalamenti, Emilio",ANALES DEL JARDIN BOTANICO DE MADRID,2014,71,2,E009,U21,10.3989/ajbm.2387,0
1285,Status of the preys of the Cattle Egret (Bubukus ibis L.) in the region of Chief (Algeria).,"Mohammedi, Ahmed; Doumandji, Salaheddine",REVUE D ECOLOGIE-LA TERRE ET LA VIE,2013,68,03-Apr,283,289,,0
