PERMIT_NUM,REVISION_NUM,PERMIT_TYPE,STRUCTURE_TYPE,STREET_NUM,STREET_NAME,STREET_TYPE,STREET_DIRECTION,POSTAL,APPLICATION_DATE,ISSUED_DATE,COMPLETED_DATE,STATUS,GREEN_ROOF_AREA,GREEN_ROOF_VARIATION_AREA,origAddress,lon,lat
10 132321,0,New Building,Apartment Building,21,RICHGROVE,DR, ,M9R,3/15/2010,3/1/2011,7/14/2017,Closed,1,348.47,"21 RICHGROVE DR, Toronto, ON",-79.565656,43.6757161
11 229770,0,New Building,Elementary School,20,COULES,CRT, ,M8W,6/29/2011,8/22/2012,,Inspection,1,370,"20 COULES CRT, Toronto, ON",-79.5500704,43.6084402
11 320212,0,New Building,Retail Store,50,RESOURCES,RD, ,M9P,12/2/2011,6/14/2012,1/21/2014,Closed,1,364.8,"50 RESOURCES RD, Toronto, ON",-79.5466518,43.7102688
11 324279,0,New Building,Elementary School,1,BOTHAM,RD, ,M2N,12/12/2011,10/16/2012,11/27/2013,Closed,1,460.8,"1 BOTHAM RD, Toronto, ON",-79.4135058,43.7530535
12 124719,0,New Building,Retail Store,30,IRONSIDE,CRES, ,   ,2/17/2012,5/22/2014,,Inspection,1,,"30 IRONSIDE CRES, Toronto, ON",-79.2468158,43.8250532
13 195531,0,New Building,Mixed Use/Res w Non Res,130,HARBOUR,ST, ,   ,6/27/2013,6/20/2018,,Inspection,1,573,"130 HARBOUR ST, Toronto, ON",-79.381527,43.641043
13 214855,0,Building Additions/Alterations,Multiple Unit Building,480,UNIVERSITY,AVE, ,M5G,8/1/2013,4/9/2015,,Inspection,1,538.76,"480 UNIVERSITY AVE, Toronto, ON",-79.3890189,43.6550505
14 136120,0,Small Residential Projects,SFD - Detached,171,INDIAN,RD, ,M6R,4/1/2014,5/28/2014,9/16/2016,Closed,1,,"171 INDIAN RD, Toronto, ON",-79.4537977,43.6465183
14 203621,0,New Building,Elementary School,6,COLONEL SAMUEL SMITH PARK,DR, ,M8V,8/8/2014,7/18/2016,,Inspection,1,663,"6 COLONEL SAMUEL SMITH PARK DR, Toronto, ON",-79.5171175,43.5977572
14 262585,0,New Building,Apartment Building,0,BONIS,AVE, ,   ,12/10/2014,4/11/2016,,Inspection,1,160.7,"0 BONIS AVE, Toronto, ON",-79.2940583,43.7849824
14 264349,0,New Building,Mixed Use/Res w Non Res,1486,BATHURST,ST, ,M5P,12/15/2014,2/27/2018,,Inspection,1,10.4,"1486 BATHURST ST, Toronto, ON",-79.4186689,43.6838506
15 202222,0,New Building,Retail Store,415,EVANS,AVE, ,M8W,8/5/2015,8/2/2016,5/14/2018,Closed,1,753.85,"415 EVANS AVE, Toronto, ON",-79.5307129,43.6146008
15 206321,0,Building Additions/Alterations,Multiple Use/Non Residential,2336,ST CLAIR,AVE,W,M6N,8/13/2015,,,Examiner's Notice Sent,1,641,"2336 ST CLAIR AVE, Toronto, ON",-79.4794023,43.6713179
15 224200,0,Building Additions/Alterations,Retail Store,3401,DUFFERIN,ST, ,M6A,9/17/2015,12/20/2016,1/11/2018,Closed,1,545,"3401 DUFFERIN ST, Toronto, ON",-79.4541729,43.7246843
15 234807,0,Building Additions/Alterations,Elementary School,30,WESTROYAL,RD, ,M9P,10/8/2015,1/14/2016,11/8/2017,Closed,1,328,"30 WESTROYAL RD, Toronto, ON",-79.5372047,43.6925158
16 103087,0,Building Additions/Alterations,Multiple Unit Building,1027,YONGE,ST, ,M4W,1/11/2016,11/15/2017,,Inspection,1,45.49,"1027 YONGE ST, Toronto, ON",-79.3895726,43.6777505
16 116434,0,New Building,Elementary School,24,STRATHBURN,BLVD, ,M9M,2/12/2016,7/20/2016,,Inspection,1,899,"24 STRATHBURN BLVD, Toronto, ON",-79.532917,43.718781
16 131374,0,Building Additions/Alterations,Elementary School,411,LAWRENCE,AVE,E,M3C,3/23/2016,1/24/2018,,Inspection,1,153.2,"411 LAWRENCE AVE, Toronto, ON",-79.3781893,43.7299522
16 269716,1,New Building,Library,1748,ST CLAIR,AVE,W,M6N,7/25/2018,,,Under Review ,1,90,"1748 ST CLAIR AVE, Toronto, ON",-79.460672,43.6743469
17 135122,0,New Building,Retail Store,42,OVERLEA,BLVD, ,M4H,3/28/2017,2/20/2018,5/31/2018,Closed,1,5528,"42 OVERLEA BLVD, Toronto, ON",-79.3480518,43.7070963
17 157681,0,New Building,Apartment Building,2165,LAKE SHORE,BLVD,W,M8V,5/10/2017,,,Under Review ,1,436.6,"2165 LAKE SHORE BLVD, Toronto, ON",-79.4802185,43.6248357
17 252314,0,Building Additions/Alterations,Television Studio(no audience),777,KIPLING,AVE, ,M8Z,10/24/2017,1/8/2018,,Inspection,1,450,"777 KIPLING AVE, Toronto, ON",-79.5295358,43.6306084
18 159944,0,New Building,Warehouse,1395,TAPSCOTT,RD, ,   ,5/16/2018,,,Examiner's Notice Sent,1,2000,"1395 TAPSCOTT RD, Toronto, ON",-79.2465316,43.8344397
13 203373,0,New Building,Retail Mall/Plaza,11,WILLIAM KITCHEN,RD, ,M1P,7/12/2013,1/8/2014,3/12/2015,Closed,5,6,"11 WILLIAM KITCHEN RD, Toronto, ON",-79.2803748,43.7727485
15 183406,0,Small Residential Projects,SFD - Detached,37,GLEN OAK,DR, ,M4E,6/30/2015,8/18/2015,,Inspection,10.31,,"37 GLEN OAK DR, Toronto, ON",-79.3029795,43.6807793
17 242286,0,Small Residential Projects,SFD - Semi-Detached,115,WILLOW,AVE, ,M4E,10/3/2017,2/8/2018,7/26/2018,Closed,12.23,,"115 WILLOW AVE, Toronto, ON",-79.2863275,43.673566
14 250520,0,New Houses,SFD - Detached,4,ASTLEY,AVE, ,M4W,11/12/2014,1/9/2015,,Inspection,12.5,,"4 ASTLEY AVE, Toronto, ON",-79.3694827,43.6878064
15 150230,0,New Building,Mixed Use/Res w Non Res,94,CUMBERLAND,ST, ,M5R,5/1/2015,,,Response Received,13.1,0,"94 CUMBERLAND ST, Toronto, ON",-79.3907693,43.6705376
15 159182,0,New Building,Mixed Use/Res w Non Res,40,WELLESLEY,ST,E,M4Y,5/19/2015,1/24/2018,,Inspection,14.33,0,"40 WELLESLEY ST, Toronto, ON",-79.3829695,43.6655147
03 141785,1,Small Residential Projects,SFD - Detached,4,SOUTH KINGSLEA,DR, ,M8Y,2/18/2010,3/25/2010,11/29/2010,Closed,18.36,,"4 SOUTH KINGSLEA DR, Toronto, ON",-79.5000139,43.6409997
18 183105,0,Small Residential Projects,SFD - Detached,463,BROCK,AVE, ,M6H,6/22/2018,7/11/2018,,Permit Issued,19,,"463 BROCK AVE, Toronto, ON",-79.4375802,43.6555408
17 197737,0,Small Residential Projects,SFD - Detached,87,BABY POINT,RD, ,M6S,7/13/2017,7/31/2017,,Permit Issued,19.5,,"87 BABY POINT RD, Toronto, ON",-79.4975593,43.6554425
13 140016,0,New Building,Stadium,4700,KEELE,ST, ,M3J,3/25/2013,11/13/2013,,Inspection,20,,"4700 KEELE ST, Toronto, ON",-79.4931653,43.7742639
15 266821,2,Small Residential Projects,SFD - Detached,260,WARREN,RD, ,M4V,4/16/2018,5/17/2018,,Revision Issued,23,,"260 WARREN RD, Toronto, ON",-79.4098341,43.6933836
15 147402,0,Small Residential Projects,SFD - Detached,50,HASTINGS,AVE, ,M4L,4/27/2015,6/9/2015,,Inspection,26.22,,"50 HASTINGS AVE, Toronto, ON",-79.3298505,43.6649541
15 174944,0,Small Residential Projects,SFD - Semi-Detached,7 B,RELMAR,RD, ,M5P,6/16/2015,7/15/2015,12/17/2015,Closed,27.9,,"7 B RELMAR RD, Toronto, ON",-79.413855,43.6889119
14 186513,0,New Building,Mixed Use/Res w Non Res,460,YONGE,ST, ,M4Y,7/8/2014,1/26/2017,,Inspection,30,0,"460 YONGE ST, Toronto, ON",-79.3834482,43.6618232
14 177417,0,Small Residential Projects,SFD - Detached,426,ONTARIO,ST, ,M5A,6/20/2014,7/18/2014,,Inspection,30.7,,"426 ONTARIO ST, Toronto, ON",-79.3702419,43.6624598
16 234454,0,New Building,Other,420,YONGE,ST, ,M5B,10/7/2016,11/3/2016,,Inspection,34,0,"420 YONGE ST, Toronto, ON",-79.3838809,43.6605899
18 192804,0,Small Residential Projects,SFD - Detached,77,PARKWAY,AVE, ,M6R,7/12/2018,,,Refusal Notice,35.84,,"77 PARKWAY AVE, Toronto, ON",-79.4469537,43.6510248
15 123194,0,Small Residential Projects,SFD - Detached,298,SPADINA,RD, ,M5R,3/3/2015,4/15/2015,11/9/2015,Closed,35.9,,"298 SPADINA RD, Toronto, ON",-79.4096582,43.6803259
15 123194,1,Small Residential Projects,SFD - Detached,298,SPADINA,RD, ,M5R,7/6/2015,7/16/2015,11/9/2015,Closed,35.9,,"298 SPADINA RD, Toronto, ON",-79.4096582,43.6803259
14 224819,0,Small Residential Projects,SFD - Townhouse,315,ONTARIO,ST, ,M5A,9/19/2014,9/25/2014,3/23/2016,Closed,36.3,,"315 ONTARIO ST, Toronto, ON",-79.3687091,43.6598915
12 105190,0,New Building,Mixed Use/Res w Non Res,11,CHARLOTTE,ST, ,M5V,1/12/2012,7/28/2014,,Inspection,36.5,0,"11 CHARLOTTE ST, Toronto, ON",-79.3934801,43.6464107
15 174905,0,Small Residential Projects,SFD - Semi-Detached,7:00 AM,RELMAR,RD, ,M5P,6/16/2015,7/15/2015,12/17/2015,Closed,38.6,,"7:00 AM RELMAR RD, Toronto, ON",-79.3755189,43.6698323
11 129874,0,Small Residential Projects,SFD - Detached,421,CLINTON,ST, ,M6G,2/18/2011,3/22/2011,,Inspection,41,,"421 CLINTON ST, Toronto, ON",-79.4176239,43.6655374
13 179846,0,New Building,Mixed Use/Res w Non Res,2151-2153,LAKE SHORE,BLVD,W,M8V,6/3/2013,10/19/2015,,Inspection,50,,"2151-2153 LAKE SHORE BLVD, Toronto, ON",-79.4795597,43.6258255
14 146712,0,New Building,Apartment Building,5-Mar,ALLENBURY,GDNS, ,M2J,4/24/2014,9/14/2016,,Inspection,50,,"5-Mar ALLENBURY GDNS, Toronto, ON",-79.3441838,43.7808088
14 219091,0,Building Additions/Alterations,Parking Garage,20,CHARLES,ST,E,M4Y,9/9/2014,5/12/2017,,Inspection,51.2,,"20 CHARLES ST, Toronto, ON",-79.3853592,43.6692531
11 226957,0,New Building,Apartment Building,2200,LAKE SHORE,BLVD,W,M8V,6/24/2011,9/5/2013,,Inspection,52,,"2200 LAKE SHORE BLVD, Toronto, ON",-79.481972,43.6228827
12 246672,0,Small Residential Projects,SFD - Detached,95,NORTON,AVE, ,M2N,9/14/2012,10/4/2012,12/20/2012,Closed,53.6,,"95 NORTON AVE, Toronto, ON",-79.4078552,43.7730376
13 206962,0,New Building,Mixed Use/Res w Non Res,103,BATHURST,ST, ,   ,7/19/2013,1/7/2015,1/19/2017,Closed,55.6,0,"103 BATHURST ST, Toronto, ON",-79.4000537,43.6378313
16 230755,0,New Building,Mixed Use/Res w Non Res,15,QUEENS QUAY, ,E,   ,9/29/2016,,,Under Review ,56,0,"15 QUEENS QUAY  , Toronto, ON",-79.3735899,43.641973
16 203424,0,New Houses,SFD - Detached,7,WAXWING,PL, ,M3C,8/8/2016,3/14/2017,,Inspection,58,,"7 WAXWING PL, Toronto, ON",-79.3357601,43.7352552
18 186008,0,Small Residential Projects,SFD - Detached,5,BROOKFIELD,RD, ,M2P,6/28/2018,7/24/2018,,Permit Issued,58.99,,"5 BROOKFIELD RD, Toronto, ON",-79.4026038,43.7406811
15 191104,0,New Building,Mixed Use/Res w Non Res,2221,YONGE,ST, ,M4S,7/15/2015,,,Response Received,59,0,"2221 YONGE ST, Toronto, ON",-79.3979253,43.7060203
16 271136,0,New Building,Apartment Building,1400,KINGSTON,RD, ,M1N,12/28/2016,,,Response Received,59.13,9.13,"1400 KINGSTON RD, Toronto, ON",-79.2722769,43.6870656
12 207842,0,New Building,Indoor Swimming Pool,875,MORNINGSIDE,AVE, ,   ,7/9/2012,10/29/2013,12/12/2014,Closed,60,,"875 MORNINGSIDE AVE, Toronto, ON",-79.1938245,43.7905265
13 196215,0,New Building,Apartment Building,42,CHARLES,ST,E,M4Y,6/28/2013,10/24/2016,,Inspection,60,4,"42 CHARLES ST, Toronto, ON",-79.3841709,43.6693009
10 282856,0,Small Residential Projects,SFD - Detached,55,HARPER,AVE, ,M4T,10/22/2010,11/5/2010,10/31/2011,Closed,60.9,,"55 HARPER AVE, Toronto, ON",-79.3746041,43.69094
14 261921,0,New Building,Apartment Building,5365,DUNDAS,ST,W,M9B,12/9/2014,6/29/2017,,Inspection,61,0,"5365 DUNDAS ST, Toronto, ON",-79.5401518,43.6358692
11 287084,0,New Building,Mixed Use/Res w Non Res,328,ADELAIDE,ST,W,M5V,10/4/2011,9/4/2013,11/13/2015,Closed,63.01,0,"328 ADELAIDE ST, Toronto, ON",-79.3922325,43.6476383
16 155075,0,Small Residential Projects,SFD - Semi-Detached,44,LIPPINCOTT,ST, ,M5T,5/13/2016,6/16/2016,11/9/2016,Closed,65.42,,"44 LIPPINCOTT ST, Toronto, ON",-79.406375,43.655555
11 253977,0,New Houses,SFD - Detached,85,REGAL,RD, ,M6H,8/9/2011,9/27/2011,,Inspection,66,,"85 REGAL RD, Toronto, ON",-79.4390994,43.6742856
13 279862,0,New Building,Multiple Use/Non Residential,135,YORKVILLE,AVE, ,M5R,12/19/2013,4/21/2017,,Inspection,70,0,"135 YORKVILLE AVE, Toronto, ON",-79.3939151,43.6703919
14 174105,0,New Building,Apartment Building,99,ERSKINE,AVE, ,M4P,6/15/2014,1/10/2017,,Inspection,70,0,"99 ERSKINE AVE, Toronto, ON",-79.3958179,43.7116473
18 112082,0,Small Residential Projects,SFD - Townhouse,44,MASSEY,ST, ,M6J,1/31/2018,3/22/2018,,Permit Issued,70.09,,"44 MASSEY ST, Toronto, ON",-79.4134948,43.643329
10 300519,0,Small Residential Projects,SFD - Detached,10,PLYMBRIDGE,RD, ,M4N,11/22/2010,12/23/2010,2/6/2013,Closed,71.72,,"10 PLYMBRIDGE RD, Toronto, ON",-79.4005375,43.7392872
17 143890,0,New Building,Multiple Use/Non Residential,102,YORKVILLE,AVE, ,M5R,4/13/2017,6/26/2018,,Inspection,73.38,50.72,"102 YORKVILLE AVE, Toronto, ON",-79.3925961,43.6710006
14 262293,0,New Building,Apartment Building,125,PARKWAY FOREST,DR, ,M2J,12/9/2014,9/28/2017,,Permit Issued,74,0,"125 PARKWAY FOREST DR, Toronto, ON",-79.3423752,43.7752774
14 148303,0,New Building,Mixed Use/Res w Non Res,219,QUEEN,ST,W,   ,4/28/2014,6/23/2017,,Inspection,74.6,0,"219 QUEEN ST, Toronto, ON",-79.3879425,43.6504976
14 177778,0,Small Residential Projects,SFD - Detached,20 A,SENLAC,RD, ,M2N,6/20/2014,10/1/2014,7/15/2015,Closed,74.9,,"20 A SENLAC RD, Toronto, ON",-79.4233639,43.760117
14 267679,0,New Building,Apartment Building,1340,KINGSTON,RD, ,M1N,12/24/2014,5/11/2017,,Inspection,76.44,0,"1340 KINGSTON RD, Toronto, ON",-79.2749842,43.6854375
11 322222,0,New Building,Apartment Building,34,HAZELTON,AVE, ,M5R,12/7/2011,1/19/2016,,Inspection,82,82,"34 HAZELTON AVE, Toronto, ON",-79.3937909,43.6718053
12 171492,0,New Houses,SFD - Detached,360,WALMER,RD, ,M5R,5/11/2012,5/31/2012,11/2/2012,Closed,85,,"360 WALMER RD, Toronto, ON",-79.4116012,43.6810092
17 208554,0,New Houses,SFD - Detached,531,ARLINGTON,AVE, ,M6C,7/31/2017,11/13/2017,,Inspection,87.04,,"531 ARLINGTON AVE, Toronto, ON",-79.4338181,43.6938215
14 268627,0,Building Additions/Alterations,Apartment Building,995,LANSDOWNE,AVE, ,M6H,12/30/2014,2/25/2016,2/13/2017,Closed,90.81,0,"995 LANSDOWNE AVE, Toronto, ON",-79.4460933,43.6662999
14 268476,0,Building Additions/Alterations,Apartment Building,997,LANSDOWNE,AVE, ,M6H,12/30/2014,4/7/2016,4/12/2017,Closed,90.91,0,"997 LANSDOWNE AVE, Toronto, ON",-79.4460311,43.666395
12 296537,0,New Building,Mixed Use/Res w Non Res,998,COLLEGE,ST, ,M6H,12/20/2012,9/30/2014,,Inspection,100,,"998 COLLEGE ST, Toronto, ON",-79.4286099,43.6534906
14 157349,0,New Building,Apartment Building,109,VAUGHAN,RD, ,M6C,5/15/2014,7/19/2018,,Inspection,107,,"109 VAUGHAN RD, Toronto, ON",-79.4210468,43.6841679
12 185147,0,New Building,Mixed Use/Res w Non Res,195,DAVENPORT,RD, ,M5R,6/1/2012,1/29/2014,7/30/2018,Closed,114,,"195 DAVENPORT RD, Toronto, ON",-79.3943908,43.6748946
14 206694,0,New Building,Mixed Use/Res w Non Res,1075,QUEEN,ST,E,M4M,8/14/2014,6/1/2016,,Inspection,115.2,,"1075 QUEEN ST, Toronto, ON",-79.3363739,43.6617852
14 253621,0,New Building,Multiple Use/Non Residential,55,ST GEORGE,ST, ,M5S,11/18/2014,4/27/2017,,Inspection,116.8,279.9,"55 ST GEORGE ST, Toronto, ON",-79.3967621,43.6605273
12 166727,0,New Building,Mixed Use/Res w Non Res,21,GRENVILLE,ST, ,M4Y,5/4/2012,5/30/2014,12/27/2017,Closed,118,70.8,"21 GRENVILLE ST, Toronto, ON",-79.3844365,43.6617921
14 266875,0,New Building,Multiple Use/Non Residential,1128,YONGE,ST, ,M4W,12/22/2014,3/9/2016,,Inspection,121.4,0,"1128 YONGE ST, Toronto, ON",-79.3907639,43.6792367
13 127053,0,New Houses,Stacked Townhouses,1321,GERRARD,ST,E,M4L,3/1/2013,12/18/2014,,Inspection,122,,"1321 GERRARD ST, Toronto, ON",-79.3261282,43.6711671
13 127050,0,New Houses,Stacked Townhouses,1321,GERRARD,ST,E,M4L,3/1/2013,12/18/2014,,Inspection,123,,"1321 GERRARD ST, Toronto, ON",-79.3261282,43.6711671
13 231262,0,New Building,Retail Store,784,SHEPPARD,AVE,E,M2K,9/5/2013,8/23/2016,,Inspection,127,267,"784 SHEPPARD AVE, Toronto, ON",-79.375154,43.7701813
18 171911,0,Building Additions/Alterations,Multiple Unit Building,1117,GERRARD,ST,E,M4M,6/5/2018,,,Examiner's Notice Sent,128,0,"1117 GERRARD ST, Toronto, ON",-79.3334193,43.6694592
13 280536,0,New Building,Mixed Use/Res w Non Res,124,PEARS,AVE, ,M5R,12/20/2013,5/4/2018,,Inspection,130.37,0,"124 PEARS AVE, Toronto, ON",-79.397706,43.6756434
10 243442,0,Building Additions/Alterations,Community Hall,1326,GERRARD,ST,E,M4L,8/20/2010,10/4/2010,12/13/2012,Closed,131.6,,"1326 GERRARD ST, Toronto, ON",-79.3253848,43.6716439
10 315822,0,New Building,Mixed Use/Res w Non Res,32,CAMDEN,ST, ,M5V,12/16/2010,1/18/2012,,Inspection,138.29,0,"32 CAMDEN ST, Toronto, ON",-79.3973467,43.6471655
11 180260,0,New Building,Apartment Building,15,BEVERLEY,ST, ,M5T,4/21/2011,6/22/2015,,Inspection,140,0,"15 BEVERLEY ST, Toronto, ON",-79.3921684,43.650405
12 144517,0,New Building,Mixed Use/Res w Non Res,41,OSSINGTON,AVE, ,M6J,3/28/2012,5/13/2014,,Inspection,141,0,"41 OSSINGTON AVE, Toronto, ON",-79.4188119,43.6452194
16 224197,0,New Building,Motel/Hotel,49,CAMDEN,ST, ,M5V,9/16/2016,,,Refusal Notice,145.6,29.6,"49 CAMDEN ST, Toronto, ON",-79.3979415,43.6467535
15 132345,0,New Building,Multiple Use/Non Residential,720,YONGE,ST, ,M4Y,3/25/2015,7/16/2015,,Inspection,150.6,,"720 YONGE ST, Toronto, ON",-79.3863237,43.6684185
10 275713,0,Small Residential Projects,SFD - Detached,1,MOSSOM,PL, ,M6S,10/12/2010,11/12/2010,9/12/2011,Closed,152,,"1 MOSSOM PL, Toronto, ON",-79.4832511,43.6445385
10 275713,1,Small Residential Projects,SFD - Detached,1,MOSSOM,PL, ,M6S,8/9/2011,8/15/2011,9/12/2011,Closed,152,,"1 MOSSOM PL, Toronto, ON",-79.4832511,43.6445385
14 263099,0,New Building,Apartment Building,1,LEILA,LANE, ,M6A,12/11/2014,,,Examiner's Notice Sent,157,53,"1 LEILA LANE, Toronto, ON",-79.4455169,43.7233796
16 269716,0,New Building,Library,1748,ST CLAIR,AVE,W,M6N,12/21/2016,6/5/2017,,Inspection,159.34,0,"1748 ST CLAIR AVE, Toronto, ON",-79.460672,43.6743469
14 265297,0,Building Additions/Alterations,Elementary School,56,SPADINA,RD, ,M5R,12/17/2014,11/1/2016,,Inspection,160,0,"56 SPADINA RD, Toronto, ON",-79.4053674,43.6696787
17 241140,0,New Houses,SFD - Semi-Detached,107,VIRGINIA,AVE, ,M4C,9/29/2017,10/19/2017,,Inspection,170.71,,"107 VIRGINIA AVE, Toronto, ON",-79.3206556,43.6947241
13 248991,0,New Building,Apartment Building,87,DAVISVILLE,AVE, ,M4S,10/10/2013,12/11/2015,,Inspection,172,0,"87 DAVISVILLE AVE, Toronto, ON",-79.3933503,43.6988099
11 288242,0,New Building,Apartment Building,508,WELLINGTON,ST,W,M5V,10/6/2011,5/21/2013,,Inspection,175.9,,"508 WELLINGTON ST, Toronto, ON",-79.3991496,43.6433248
13 273728,0,New Building,Mixed Use/Res w Non Res,1544,DUNDAS,ST,W,M6K,12/4/2013,3/3/2016,3/17/2017,Closed,180,0,"1544 DUNDAS ST, Toronto, ON",-79.4333228,43.6500644
13 278994,0,Building Additions/Alterations,Multiple Unit Building,55,AVENUE,RD, ,M5R,12/17/2013,1/15/2015,,Inspection,180,0,"55 AVENUE RD, Toronto, ON",-79.3945958,43.6715255
14 231634,0,New Building,Industrial,209,WICKSTEED,AVE, ,M4G,10/2/2014,11/16/2016,3/3/2017,Closed,180,0,"209 WICKSTEED AVE, Toronto, ON",-79.3501639,43.7124785
11 299749,0,New Building,Mixed Use/Res w Non Res,251,KING,ST,E,M5A,10/26/2011,2/25/2015,,Inspection,181.27,0,"251 KING ST, Toronto, ON",-79.3679551,43.6511783
12 209746,0,New Building,Mixed Use/Res w Non Res,1243,DUNDAS,ST,W,M6J,7/11/2012,8/24/2015,9/3/2015,Closed,183,,"1243 DUNDAS ST, Toronto, ON",-79.4236429,43.6491992
17 276358,0,Building Additions/Alterations,Elementary School,275,DUNCAN MILL,RD, ,M3B,12/15/2017,,,Under Review ,183,,"275 DUNCAN MILL RD, Toronto, ON",-79.351044,43.760966
12 106788,0,New Building,Club,1901,MOUNT PLEASANT,RD, ,M4N,1/16/2012,6/5/2012,3/9/2015,Closed,184.9,304.3,"1901 MOUNT PLEASANT RD, Toronto, ON",-79.3998877,43.7360726
15 228503,0,New Building,Apartment Building,32-50,FOREST MANOR,RD, ,M2J,9/25/2015,7/17/2018,,Inspection,186,,"32-50 FOREST MANOR RD, Toronto, ON",-79.3448362,43.7712275
16 143140,0,New Building,Mixed Use/Res w Non Res,2114,BLOOR,ST,W,   ,4/20/2016,5/11/2018,,Inspection,186.1,0,"2114 BLOOR ST, Toronto, ON",-79.4722726,43.6522823
16 211134,0,New Building,Mixed Use/Res w Non Res,233,COLLEGE,ST, ,M5T,8/22/2016,,,Under Review ,188.88,0,"233 COLLEGE ST, Toronto, ON",-79.3978723,43.6580995
15 219396,0,New Building,Apartment Building,646,KINGSTON,RD, ,M4E,9/8/2015,6/30/2017,6/14/2018,Closed,190,,"646 KINGSTON RD, Toronto, ON",-79.2989825,43.6788499
11 245016,0,New Building,Apartment Building,2490,BLOOR,ST,W,M6S,7/25/2011,4/4/2014,,Inspection,191.6,,"2490 BLOOR ST, Toronto, ON",-79.4863836,43.6481678
13 228385,0,New Building,Apartment Building,68,MERTON,ST, ,M4S,8/29/2013,7/24/2015,,Inspection,194.7,0,"68 MERTON ST, Toronto, ON",-79.3941069,43.6968858
13 243000,0,New Building,Mixed Use/Res w Non Res,365,CHURCH,ST, ,M5B,9/27/2013,10/7/2016,,Inspection,195.13,0,"365 CHURCH ST, Toronto, ON",-79.3786732,43.6610662
12 265687,0,Building Additions/Alterations,Retail Store,1475,THE QUEENSWAY, , ,M8Z,10/19/2012,6/28/2013,,Inspection,196.3,,"1475 THE QUEENSWAY  , Toronto, ON",-79.534526,43.6183642
18 102429,0,New Building,Mixed Use/Res w Non Res,1177,DANFORTH,AVE, ,M4J,1/8/2018,,,Examiner's Notice Sent,197,0,"1177 DANFORTH AVE, Toronto, ON",-79.3329383,43.6810694
17 174937,0,Building Additions/Alterations,Multiple Use/Non Residential,35,MC CAUL,ST, ,M5T,6/7/2017,,,Under Review ,199.3,0,"35 MC CAUL ST, Toronto, ON",-79.3900669,43.6514258
13 273353,1,New Building,Mixed Use/Res w Non Res,181,DAVENPORT,RD, ,M5R,4/13/2016,10/11/2016,,Revision Issued,200,0,"181 DAVENPORT RD, Toronto, ON",-79.3937894,43.6749843
14 125945,0,New Building,Mixed Use/Res w Non Res,1990,BLOOR,ST,W,M6P,3/7/2014,11/23/2016,,Inspection,202,0,"1990 BLOOR ST, Toronto, ON",-79.4689813,43.6530022
13 164224,0,New Building,Mixed Use/Res w Non Res,927 A,EGLINTON,AVE,W,M6C,5/7/2013,4/4/2017,,Inspection,204.5,0,"927 A EGLINTON AVE, Toronto, ON",-79.361194,43.7143286
15 180300,0,Small Residential Projects,SFD - Detached,11,BEAUMONT,RD, ,M4W,6/24/2015,10/29/2015,,Inspection,208,,"11 BEAUMONT RD, Toronto, ON",-79.3714619,43.6799328
13 195524,0,New Building,Office,91-97,ARROW,RD, ,M9M,6/27/2013,11/13/2013,3/26/2015,Closed,211,,"91-97 ARROW RD, Toronto, ON",-79.5296017,43.7415549
17 279968,0,New Building,Home for the Aged,1155,ALBION,RD, ,M9V,12/28/2017,,,Under Review ,213.27,,"1155 ALBION RD, Toronto, ON",-79.5684435,43.7375241
16 219898,0,New Building,Multiple Use/Non Residential,1914,AVENUE,RD, ,M5M,9/8/2016,,,Under Review ,216.8,0,"1914 AVENUE RD, Toronto, ON",-79.4197741,43.7334407
13 280734,0,Building Additions/Alterations,Multiple Use/Non Residential,571,JARVIS,ST, ,M4Y,12/20/2013,12/1/2015,,Inspection,219,,"571 JARVIS ST, Toronto, ON",-79.3788711,43.6688124
11 327513,0,New Building,Apartment Building,2200,LAKE SHORE,BLVD,W,M8V,12/16/2011,10/25/2013,,Inspection,220,0,"2200 LAKE SHORE BLVD, Toronto, ON",-79.481972,43.6228827
15 268063,0,New Building,Mixed Use/Res w Non Res,663,KINGSTON,RD, ,M4E,12/22/2015,12/1/2017,,Inspection,220,0,"663 KINGSTON RD, Toronto, ON",-79.2974101,43.6787476
17 157021,0,New Building,Mixed Use/Res w Non Res,900,ST CLAIR,AVE,W,M6C,5/9/2017,,,Response Received,223.77,0,"900 ST CLAIR AVE, Toronto, ON",-79.4335646,43.6801953
16 189230,0,Building Additions/Alterations,Office,40,KING,ST,W,M5H,7/12/2016,8/8/2016,12/7/2016,Closed,226.3,0,"40 KING ST, Toronto, ON",-79.379996,43.648842
12 113376,0,Building Additions/Alterations,Apartment Building,52,SUMACH,ST, ,M5A,1/27/2012,12/18/2012,,Inspection,227.29,0,"52 SUMACH ST, Toronto, ON",-79.3588769,43.6559879
13 122967,0,Building Additions/Alterations,Multiple Use/Non Residential,141,ADELAIDE,ST,W,M5H,2/21/2013,4/2/2013,1/9/2017,Closed,229.86,,"141 ADELAIDE ST, Toronto, ON",-79.3841276,43.6486763
14 216875,0,New Building,Mixed Use/Res w Non Res,2522,KEELE,ST, ,M6L,9/4/2014,3/17/2017,,Inspection,230,,"2522 KEELE ST, Toronto, ON",-79.4797923,43.715099
15 259197,0,New Building,Mixed Use/Res w Non Res,1884,QUEEN,ST,E,   ,12/1/2015,,,Under Review ,230.68,0,"1884 QUEEN ST, Toronto, ON",-79.3055636,43.6689844
13 262599,0,New Building,Apartment Building,16,MCADAM,AVE, ,   ,11/7/2013,10/27/2016,,Inspection,232.28,,"16 MCADAM AVE, Toronto, ON",-79.4570921,43.722891
13 262554,0,New Building,Parking Garage,16,MCADAM,AVE, ,   ,11/7/2013,12/9/2016,,Inspection,232.38,0,"16 MCADAM AVE, Toronto, ON",-79.4570921,43.722891
17 249532,0,New Building,Mixed Use/Res w Non Res,1630,QUEEN,ST,E,M4L,10/18/2017,,,Refusal Notice,234,0,"1630 QUEEN ST, Toronto, ON",-79.3159457,43.6666437
12 296750,0,Building Additions/Alterations,Multiple Use/Non Residential,40,ADELAIDE,ST,W,M5H,12/20/2012,11/18/2013,1/17/2017,Closed,236,163.9,"40 ADELAIDE ST, Toronto, ON",-79.3799623,43.6504443
16 108693,0,New Building,Apartment Building,24,HOWARD,ST, ,   ,1/26/2016,1/17/2017,,Inspection,236.76,0,"24 HOWARD ST, Toronto, ON",-79.3744556,43.6715294
13 273353,0,New Building,Mixed Use/Res w Non Res,181,DAVENPORT,RD, ,M5R,12/3/2013,10/13/2015,,Inspection,238,0,"181 DAVENPORT RD, Toronto, ON",-79.3937894,43.6749843
14 245186,1,New Houses,SFD - Detached,21,EVERGREEN,GDNS, ,M4G,12/17/2014,1/8/2015,3/23/2016,Closed,238,,"21 EVERGREEN GDNS, Toronto, ON",-79.3726685,43.695574
14 165292,0,New Building,Other,55,MAC FROST,WAY, ,M1X,5/30/2014,9/19/2014,10/27/2015,Closed,238.95,238.95,"55 MAC FROST WAY, Toronto, ON",-79.2300991,43.8388228
11 310205,0,New Building,Multiple Use/Non Residential,30,BERTRAND,AVE, ,M1L,11/15/2011,7/17/2012,3/25/2014,Closed,240.52,140.52,"30 BERTRAND AVE, Toronto, ON",-79.2852982,43.7342252
12 109230,0,New Building,Multiple Use/Non Residential,41,LEBOVIC,AVE, ,   ,1/20/2012,7/30/2012,4/25/2013,Closed,243,,"41 LEBOVIC AVE, Toronto, ON",-79.2889364,43.7233319
15 108034,0,New Building,Office,0,SHEPPARD,AVE,E,   ,1/23/2015,12/5/2016,,Inspection,243,0,"0 SHEPPARD AVE, Toronto, ON",-79.4095173,43.7617485
16 118117,0,New Building,Mixed Use/Res w Non Res,1331,YONGE,ST, ,M4T,2/18/2016,,,Under Review ,245.6,0,"1331 YONGE ST, Toronto, ON",-79.3929289,43.6855762
14 203424,0,New Building,Mixed Use/Res w Non Res,829,ST CLAIR,AVE,W,M6C,8/8/2014,4/14/2016,,Inspection,247,,"829 ST CLAIR AVE, Toronto, ON",-79.4317987,43.6801802
14 249369,0,New Building,Mixed Use/Res w Non Res,241,JARVIS,ST, ,M5B,11/7/2014,,,Under Review ,247,211,"241 JARVIS ST, Toronto, ON",-79.3743415,43.6573738
11 293926,0,New Building,Apartment Building,68,CANTERBURY,PL, ,   ,10/17/2011,1/21/2013,4/19/2016,Closed,248,227,"68 CANTERBURY PL, Toronto, ON",-79.4155086,43.7737483
14 231152,0,New Building,Recreational,3246,LAKE SHORE,BLVD,W,M8V,10/2/2014,3/23/2016,,Inspection,250,0,"3246 LAKE SHORE BLVD, Toronto, ON",-79.5221857,43.5972524
12 124662,0,New Building,Apartment Building,102,SHUTER,ST, ,M5A,2/17/2012,6/8/2015,8/11/2017,Closed,252,,"102 SHUTER ST, Toronto, ON",-79.3731433,43.6556959
14 126703,0,New Building,Apartment Building,90,NIAGARA,ST, ,M5V,3/10/2014,6/14/2018,,Inspection,252,0,"90 NIAGARA ST, Toronto, ON",-79.4038314,43.6417684
15 169372,0,New Building,Apartment Building,223,ST CLAIR,AVE,W,M4V,6/5/2015,6/22/2016,,Inspection,252.07,27,"223 ST CLAIR AVE, Toronto, ON",-79.4047021,43.6857143
13 242422,0,New Building,Mixed Use/Res w Non Res,431,RICHMOND,ST,W,M5V,9/26/2013,3/24/2016,,Inspection,252.28,0,"431 RICHMOND ST, Toronto, ON",-79.3967361,43.6476808
16 201943,0,New Building,Mixed Use/Res w Non Res,593,YONGE,ST, ,M4Y,8/5/2016,,,Under Review ,255.25,185.15,"593 YONGE ST, Toronto, ON",-79.3849018,43.6662037
14 258677,0,New Building,Apartment Building,1346,KINGSTON,RD, ,M1N,12/1/2014,5/9/2018,,Inspection,255.53,,"1346 KINGSTON RD, Toronto, ON",-79.2742699,43.6858629
14 246853,0,New Building,Mixed Use/Res w Non Res,836,YONGE,ST, ,M4W,11/3/2014,6/19/2018,,Inspection,257,,"836 YONGE ST, Toronto, ON",-79.3876906,43.6713613
11 329274,0,Building Additions/Alterations,Multiple Use/Non Residential,2300,YONGE,ST, ,M4P,12/21/2011,1/29/2013,,Inspection,257.58,,"2300 YONGE ST, Toronto, ON",-79.3996009,43.7072693
15 143686,0,New Building,Other,2451,BIRCHMOUNT,RD, ,   ,4/20/2015,11/24/2016,,Permit Issued,260,,"2451 BIRCHMOUNT RD, Toronto, ON",-79.3015691,43.7887441
14 266247,0,New Building,Apartment Building,2800,BLOOR,ST,W,M8X,12/19/2014,5/23/2018,,Permit Issued,262.19,0,"2800 BLOOR ST, Toronto, ON",-79.5003981,43.6500443
10 299666,0,New Building,Mixed Use/Res w Non Res,2,EASTERN,AVE, ,M5A,11/19/2010,10/17/2011,,Inspection,263.4,0,"2 EASTERN AVE, Toronto, ON",-79.3610015,43.6523279
15 222772,0,Building Additions/Alterations,Industrial,51,GRAND MARSHALL,DR, ,M1B,9/15/2015,11/22/2016,4/18/2018,Closed,266,,"51 GRAND MARSHALL DR, Toronto, ON",-79.1937363,43.8016769
10 155366,0,Building Additions/Alterations,Office,200,KING,ST,W,M5H,4/20/2010,5/19/2010,6/9/2015,Closed,270,0,"200 KING ST, Toronto, ON",-79.3855352,43.6479182
10 155781,0,Building Additions/Alterations,Secondary School,2365,BAYVIEW,AVE, ,M2L,4/20/2010,8/6/2010,,Inspection,275,0,"2365 BAYVIEW AVE, Toronto, ON",-79.3796244,43.7326825
16 270372,0,New Building,Apartment Building,1185,EGLINTON,AVE,E,M3C,12/23/2016,,,Response Received,275,1183,"1185 EGLINTON AVE, Toronto, ON",-79.3392756,43.7203147
14 208554,0,Building Additions/Alterations,Office,27,FASKEN,DR, ,M9W,8/19/2014,4/17/2015,,Inspection,275.2,,"27 FASKEN DR, Toronto, ON",-79.600637,43.6893434
11 330105,0,New Building,Mixed Use/Res w Non Res,1205,QUEEN,ST,W,M6K,12/22/2011,1/9/2014,,Inspection,277.32,0,"1205 QUEEN ST, Toronto, ON",-79.4288069,43.6418741
11 216050,0,New Building,Mixed Use/Res w Non Res,224,KING,ST,W,   ,6/10/2011,12/19/2013,11/23/2016,Closed,277.33,0,"224 KING ST, Toronto, ON",-79.3872741,43.6473801
14 209528,0,New Building,Place of Worship,733,BIRCHMOUNT,RD, ,M1K,8/20/2014,5/20/2016,,Inspection,278.86,278.86,"733 BIRCHMOUNT RD, Toronto, ON",-79.2750496,43.7242695
13 239910,0,New Building,Mixed Use/Res w Non Res,1093,QUEEN,ST,W,M6J,9/23/2013,11/10/2015,,Inspection,280.6,0,"1093 QUEEN ST, Toronto, ON",-79.4226676,43.6433518
13 148751,0,New Building,Apartment Building,591,DUNDAS,ST,E,M5T,4/11/2013,8/29/2013,,Inspection,281,,"591 DUNDAS ST, Toronto, ON",-79.3608238,43.6603024
17 154652,0,New Building,Apartment Building,144,BERRY,RD, ,M8Y,5/5/2017,,,Under Review ,290,0,"144 BERRY RD, Toronto, ON",-79.4872574,43.6375224
17 158012,0,New Building,Mixed Use/Res w Non Res,2301,DANFORTH,AVE, ,M4C,5/11/2017,,,Under Review ,290,0,"2301 DANFORTH AVE, Toronto, ON",-79.3076241,43.6867119
17 250987,0,New Building,Mixed Use/Res w Non Res,143,AVENUE,RD, ,M5R,10/20/2017,,,Refusal Notice,290.68,0,"143 AVENUE RD, Toronto, ON",-79.3960309,43.6742178
13 147105,0,New Building,Mixed Use/Res w Non Res,1960,QUEEN,ST,E,M4L,4/9/2013,7/3/2014,9/9/2016,Closed,296,0,"1960 QUEEN ST, Toronto, ON",-79.3020569,43.669736
10 131477,0,New Building,Apartment Building,5101,DUNDAS,ST,W,   ,3/12/2010,8/16/2012,1/7/2015,Closed,300,,"5101 DUNDAS ST, Toronto, ON",-79.5318472,43.6449402
11 294699,0,New Building,Apartment Building,132,BERKELEY,ST, ,M5A,10/18/2011,1/22/2013,3/8/2017,Closed,300,,"132 BERKELEY ST, Toronto, ON",-79.3659454,43.6547286
17 126583,0,Building Additions/Alterations,Place of Worship,80,BRYDON,DR, ,M9W,3/9/2017,1/24/2018,,Permit Issued,301,0,"80 BRYDON DR, Toronto, ON",-79.5740842,43.7198427
14 169786,0,New Building,Mixed Use/Res w Non Res,68,SHUTER,ST, ,M5B,6/6/2014,1/28/2015,8/16/2017,Closed,302,,"68 SHUTER ST, Toronto, ON",-79.3756429,43.655111
11 331561,1,New Building,Mixed Use/Res w Non Res,56,BLUE JAYS,WAY, ,M5V,4/2/2015,5/20/2016,,Revision Issued,303.5,94,"56 BLUE JAYS WAY, Toronto, ON",-79.3923588,43.6454458
15 236812,0,Building Additions/Alterations,Elementary School,215,LIVINGSTON,RD, ,M1E,10/13/2015,7/19/2016,,Inspection,308.6,0,"215 LIVINGSTON RD, Toronto, ON",-79.1997745,43.7498724
17 220797,0,New Building,Mixed Use/Res w Non Res,2376,DUNDAS,ST,W,M6P,8/22/2017,,,Response Received,313.92,0,"2376 DUNDAS ST, Toronto, ON",-79.451896,43.6579175
17 126828,0,New Building,Apartment Building,18,ERSKINE,AVE, ,M4P,3/9/2017,,,Under Review ,315.9,,"18 ERSKINE AVE, Toronto, ON",-79.3985317,43.7114339
16 169317,0,New Building,Apartment Building,609,AVENUE,RD, ,M4V,6/7/2016,7/26/2018,,Permit Issued,316.2,0,"609 AVENUE RD, Toronto, ON",-79.4021711,43.6897659
14 260744,0,New Building,Apartment Building,2,LAIRD,DR, ,M4G,12/5/2014,6/16/2017,,Inspection,320,0,"2 LAIRD DR, Toronto, ON",-79.3609508,43.7035728
14 260855,0,New Building,Parking Garage,2,LAIRD,DR, ,M4G,12/5/2014,10/30/2017,,Inspection,320,,"2 LAIRD DR, Toronto, ON",-79.3609508,43.7035728
18 191444,0,New Building,Self-Service Storage Building,55,BRIDGELAND,AVE, ,M6A,7/10/2018,,,Examiner's Notice Sent,320,,"55 BRIDGELAND AVE, Toronto, ON",-79.4603395,43.7260267
14 179367,0,New Building,Apartment Building,282,ST CLAIR,AVE,W,M4V,6/24/2014,8/10/2015,7/31/2018,Closed,320.68,0,"282 ST CLAIR AVE, Toronto, ON",-79.4098032,43.6852113
14 128260,0,New Building,Mixed Use/Res w Non Res,1088,KINGSTON,RD, ,M1N,3/13/2014,12/7/2016,,Inspection,320.9,0,"1088 KINGSTON RD, Toronto, ON",-79.282795,43.6810645
11 218683,0,New Building,Industrial,3115,MARKHAM,RD, ,   ,6/14/2011,10/31/2011,4/2/2013,Closed,324,0,"3115 MARKHAM RD, Toronto, ON",-79.2509377,43.8343708
13 215227,0,New Building,Mixed Use/Res w Non Res,856,DUNDAS,ST,W,M6J,8/2/2013,5/7/2014,,Inspection,325,,"856 DUNDAS ST, Toronto, ON",-79.4104545,43.6514012
13 281473,0,New Building,Mixed Use/Res w Non Res,327,ROYAL YORK,RD, ,M8Y,12/27/2013,,,Under Review ,325,0,"327 ROYAL YORK RD, Toronto, ON",-79.498203,43.6164958
14 159180,0,New Building,Mixed Use/Res w Non Res,1230,DUNDAS,ST,E,M4M,5/21/2014,5/17/2016,,Inspection,328,,"1230 DUNDAS ST, Toronto, ON",-79.4235561,43.6496549
14 266401,0,New Building,Mixed Use/Res w Non Res,324,RICHMOND,ST,W,M5V,12/19/2014,,,Under Review ,330,0,"324 RICHMOND ST, Toronto, ON",-79.3923081,43.6488742
10 222037,0,New Building,Mixed Use/Res w Non Res,40,DOVERCOURT,RD, ,   ,7/16/2010,9/11/2012,,Inspection,336,,"40 DOVERCOURT RD, Toronto, ON",-79.421861,43.641681
13 279564,0,New Building,Crematorium/Cemetary Structure,5830,BATHURST,ST, ,M2R,12/18/2013,3/13/2015,7/7/2017,Closed,336,,"5830 BATHURST ST, Toronto, ON",-79.4446978,43.7793197
14 246981,0,New Building,Mixed Use/Res w Non Res,109-111,OSSINGTON,AVE, ,M6J,11/3/2014,10/24/2017,12/6/2017,Closed,336,0,"109-111 OSSINGTON AVE, Toronto, ON",-79.4195358,43.646484
13 131614,0,New Building,Mixed Use/Res w Non Res,40,SCOTT,ST, ,   ,3/12/2013,4/5/2016,,Inspection,340.97,0,"40 SCOTT ST, Toronto, ON",-79.3763039,43.648749
12 119084,0,New Building,Apartment Building,3018,YONGE,ST, ,M4N,2/8/2012,4/1/2016,,Inspection,342,0,"3018 YONGE ST, Toronto, ON",-79.4025496,43.7242393
14 241284,0,New Building,Apartment Building,2384,YONGE,ST, ,M4P,10/22/2014,6/7/2017,,Inspection,348,0,"2384 YONGE ST, Toronto, ON",-79.3993017,43.7092701
11 330479,0,New Building,Mixed Use/Res w Non Res,760,THE QUEENSWAY, , ,M8Z,12/23/2011,6/4/2014,9/5/2017,Closed,349,,"760 THE QUEENSWAY  , Toronto, ON",-79.5046336,43.6260425
16 178139,0,New Building,Multiple Use/Non Residential,5930,FINCH,AVE,E,M1B,6/21/2016,2/3/2017,,Inspection,349.5,349.5,"5930 FINCH AVE, Toronto, ON",-79.2235639,43.8178068
15 251842,0,New Building,Multiple Use/Non Residential,144,BERRY,RD, ,M8Y,11/16/2015,1/26/2017,,Inspection,350,0,"144 BERRY RD, Toronto, ON",-79.4872574,43.6375224
12 180974,0,New Building,Mixed Use/Res w Non Res,290,ADELAIDE,ST,W,M5V,5/28/2012,7/7/2014,,Inspection,350.7,0,"290 ADELAIDE ST, Toronto, ON",-79.391138,43.64787
16 118607,0,New Building,Multiple Use/Non Residential,491,COLLEGE,ST, ,M6G,2/19/2016,7/5/2017,,Inspection,353,,"491 COLLEGE ST, Toronto, ON",-79.4095373,43.6558271
11 312940,0,New Building,Apartment Building,8,GLADSTONE,AVE, ,M6J,11/21/2011,11/13/2012,,Inspection,356,0,"8 GLADSTONE AVE, Toronto, ON",-79.427659,43.642959
15 137670,0,New Building,Other,1300,WILSON,AVE, ,M3M,4/8/2015,12/31/2015,,Inspection,358,0,"1300 WILSON AVE, Toronto, ON",-79.4945552,43.7244659
10 292819,0,New Building,"Transit Station,Subway, Bus Terminal",120,IAN MACDONALD,BLVD, ,   ,11/8/2010,6/16/2017,,Inspection,360,190.5,"120 IAN MACDONALD BLVD, Toronto, ON",-79.4993632,43.7732891
12 129679,0,New Building,Apartment Building,36,PARK LAWN,RD, ,M8Y,2/29/2012,11/2/2015,11/16/2016,Closed,361.12,0,"36 PARK LAWN RD, Toronto, ON",-79.4837029,43.6237198
14 133054,0,New Houses,SFD - Detached,12,FARRELL,AVE, ,M2R,3/25/2014,4/25/2014,5/1/2015,Cancelled,362.41,,"12 FARRELL AVE, Toronto, ON",-79.4383009,43.7676536
13 173169,0,New Building,Mixed Use/Res w Non Res,1451,BATHURST,ST, ,M5R,5/23/2013,1/12/2018,,Inspection,365,0,"1451 BATHURST ST, Toronto, ON",-79.4180155,43.6827934
17 156469,0,New Building,Mixed Use/Res w Non Res,2359,DANFORTH,AVE, ,M4C,5/9/2017,,,Refusal Notice,365,0,"2359 DANFORTH AVE, Toronto, ON",-79.3061291,43.6869472
14 128197,0,New Building,Mixed Use/Res w Non Res,270,SPADINA,AVE, ,M5T,3/13/2014,5/28/2015,,Inspection,366,0,"270 SPADINA AVE, Toronto, ON",-79.3981964,43.6523401
15 231555,0,New Building,Mixed Use/Res w Non Res,1878,QUEEN,ST,E,M4L,10/1/2015,4/27/2018,,Inspection,368,,"1878 QUEEN ST, Toronto, ON",-79.3063147,43.6688747
11 234821,0,Building Additions/Alterations,Office,333,KING,ST,E,M5A,7/8/2011,10/27/2011,7/24/2013,Closed,371,554,"333 KING ST, Toronto, ON",-79.3911872,43.6460185
09 176602,1,New Building,University,97,ST GEORGE,ST, ,M5S,12/6/2010,2/11/2011,,Revision Issued,375,0,"97 ST GEORGE ST, Toronto, ON",-79.3984411,43.6651111
17 112433,0,New Building,Mixed Use/Res w Non Res,40,MC CAUL,ST, ,   ,2/2/2017,,,Response Received,377,0,"40 MC CAUL ST, Toronto, ON",-79.3905151,43.6515546
13 267339,0,New Building,Mixed Use/Res w Non Res,188,CUMBERLAND,ST, ,   ,11/19/2013,6/22/2017,,Inspection,378,0,"188 CUMBERLAND ST, Toronto, ON",-79.3944867,43.6695606
11 331342,0,New Building,Elementary School,29,MEADOWVALE,RD, ,M1C,12/28/2011,3/19/2012,10/11/2013,Closed,379.2,0,"29 MEADOWVALE RD, Toronto, ON",-79.157311,43.777392
11 319306,0,New Building,Apartment Building,32,DAVENPORT,RD, ,M5R,12/1/2011,10/22/2013,,Inspection,380,0,"32 DAVENPORT RD, Toronto, ON",-79.3898897,43.6732718
13 275759,0,New Building,Other,362,WALLACE,AVE, ,   ,12/11/2013,6/5/2017,,Inspection,385,0,"362 WALLACE AVE, Toronto, ON",-79.4525347,43.6608645
12 223573,0,New Building,Mixed Use/Res w Non Res,13,SUPERIOR,AVE, ,M8V,8/2/2012,12/17/2013,,Inspection,387,0,"13 SUPERIOR AVE, Toronto, ON",-79.4892951,43.6153517
14 231616,0,New Building,Multiple Use/Non Residential,209,WICKSTEED,AVE, ,M4G,10/2/2014,7/22/2015,1/27/2016,Closed,387.03,,"209 WICKSTEED AVE, Toronto, ON",-79.3501639,43.7124785
12 107739,0,New Building,Mixed Use/Res w Non Res,60,JOHN,ST, ,M9N,1/18/2012,6/11/2014,,Inspection,388.54,88.79,"60 JOHN ST, Toronto, ON",-79.3896867,43.646024
11 108543,0,New Building,Apartment Building,85,THE DONWAY, ,W,   ,1/18/2011,10/10/2012,,Inspection,390,0,"85 THE DONWAY  , Toronto, ON",-79.3461251,43.733112
12 261353,0,New Building,Apartment Building,66,ISABELLA,ST, ,M4Y,10/11/2012,1/29/2014,,Inspection,392,0,"66 ISABELLA ST, Toronto, ON",-79.3828598,43.668435
16 248931,0,Building Additions/Alterations,Multiple Unit Building,700,BAY,ST, ,M5G,11/9/2016,6/22/2018,,Inspection,393,0,"700 BAY ST, Toronto, ON",-79.3853588,43.6581447
14 265842,0,New Building,Apartment Building,200,SACKVILLE,ST, ,   ,12/18/2014,10/4/2017,,Inspection,393.3,0,"200 SACKVILLE ST, Toronto, ON",-79.362919,43.658981
13 281900,0,New Building,Apartment Building,129,ST CLAIR,AVE,W,M4V,12/30/2013,,,Response Received,396,439,"129 ST CLAIR AVE, Toronto, ON",-79.4001401,43.6865003
12 109234,0,New Building,Apartment Building,3563,LAKE SHORE,BLVD,W,M8W,1/20/2012,9/17/2013,1/22/2015,Closed,397,,"3563 LAKE SHORE BLVD, Toronto, ON",-79.5335596,43.5941953
11 331561,0,New Building,Mixed Use/Res w Non Res,56,BLUE JAYS,WAY, ,M5V,12/29/2011,8/26/2014,,Inspection,397.5,278.64,"56 BLUE JAYS WAY, Toronto, ON",-79.3923588,43.6454458
16 142979,0,New Building,Multiple Use/Non Residential,1130,BATHURST,ST, ,M5R,4/19/2016,8/15/2016,,Inspection,400,,"1130 BATHURST ST, Toronto, ON",-79.4155249,43.675269
16 173117,0,New Building,Mixed Use/Res w Non Res,181,DUNDAS,ST,E,M5A,6/13/2016,7/4/2017,,Inspection,400,0,"181 DUNDAS ST, Toronto, ON",-79.3741682,43.6569883
16 253822,0,New Building,Mixed Use/Res w Non Res,387,BLOOR,ST,E,M4W,11/21/2016,,,Under Review ,401,0,"387 BLOOR ST, Toronto, ON",-79.4031511,43.6667775
14 257790,0,New Building,Mixed Use/Res w Non Res,355,CHURCH,ST, ,M5B,11/28/2014,12/22/2016,,Inspection,402,0,"355 CHURCH ST, Toronto, ON",-79.3785828,43.6603865
11 223813,0,Building Additions/Alterations,Recreational,1073,MILLWOOD,RD, ,M4G,6/21/2011,4/26/2012,,Inspection,404,0,"1073 MILLWOOD RD, Toronto, ON",-79.3612519,43.70167
14 210021,0,New Building,Other,777,DUNDAS,ST,E,   ,8/21/2014,2/13/2015,,Inspection,404,0,"777 DUNDAS ST, Toronto, ON",-79.3543881,43.6614576
12 200240,0,New Building,Apartment Building,0,BONIS,AVE, ,   ,6/26/2012,11/6/2014,,Inspection,407,365.9,"0 BONIS AVE, Toronto, ON",-79.2940583,43.7849824
12 109059,0,New Building,Library,170,FORT YORK,BLVD, ,   ,1/20/2012,8/30/2012,,Inspection,408.5,0,"170 FORT YORK BLVD, Toronto, ON",-79.3997415,43.6393466
14 183525,0,New Building,Community Hall,1030,MCNICOLL,AVE, ,M1W,7/2/2014,7/30/2014,8/26/2015,Closed,414,0,"1030 MCNICOLL AVE, Toronto, ON",-79.3343614,43.804343
13 163492,0,Building Additions/Alterations,Apartment Building,133,WILTON,ST, ,M5A,5/7/2013,7/3/2013,,Inspection,426,,"133 WILTON ST, Toronto, ON",-79.3688423,43.6480845
13 238779,0,New Building,Multiple Use/Non Residential,5298,DUNDAS,ST,W,M9B,9/19/2013,10/30/2014,10/3/2017,Closed,427,0,"5298 DUNDAS ST, Toronto, ON",-79.540053,43.636675
11 319757,0,New Building,Mixed Use/Res w Non Res,17,GLEBE,RD,W,M5P,12/2/2011,3/19/2014,,Inspection,429.78,0,"17 GLEBE RD, Toronto, ON",-79.3977136,43.7006187
11 201329,0,New Building,Restaurant Greater Than 30 Seats,30,IRONSIDE,CRES, ,   ,5/24/2011,3/5/2015,,Inspection,431.5,0,"30 IRONSIDE CRES, Toronto, ON",-79.2468158,43.8250532
14 142189,0,New Building,Apartment Building,383,SORAUREN,AVE, ,M6R,4/14/2014,1/6/2016,,Inspection,433.5,,"383 SORAUREN AVE, Toronto, ON",-79.444693,43.6504869
13 249371,0,New Building,Apartment Building,108,BALLIOL,ST, ,M4S,10/10/2013,12/11/2015,,Inspection,435,0,"108 BALLIOL ST, Toronto, ON",-79.3931273,43.6983008
13 190716,0,New Building,Mixed Use/Res w Non Res,297,COLLEGE,ST, ,M5T,6/19/2013,4/21/2015,2/5/2018,Closed,444,0,"297 COLLEGE ST, Toronto, ON",-79.4014643,43.6575473
11 327297,0,New Building,Apartment Building,54,BERWICK,AVE, ,M5P,12/16/2011,2/14/2014,,Inspection,445,0,"54 BERWICK AVE, Toronto, ON",-79.3995138,43.7040061
12 283532,0,New Building,Apartment Building,48,ABELL,ST, ,M6J,11/22/2012,12/11/2017,,Permit Issued,447,,"48 ABELL ST, Toronto, ON",-79.4241092,43.6422598
15 224973,0,New Houses,SFD - Detached,114,KINGSDALE,AVE, ,M2N,9/18/2015,10/21/2015,,Inspection,460.15,,"114 KINGSDALE AVE, Toronto, ON",-79.4065927,43.7717878
16 234974,0,New Building,"Transit Station,Subway, Bus Terminal",1,IBMS WARD 26 - NORTH YORK, , ,   ,10/8/2016,,,Under Review ,461.7,461.7,"1 IBMS WARD 26 - NORTH YORK  , Toronto, ON",-79.4110794,43.7615377
16 260605,0,New Building,Mixed Use/Res w Non Res,1401,O'CONNOR,DR, ,M4B,12/6/2016,,,Examiner's Notice Sent,467.1,0,"1401 O'CONNOR DR, Toronto, ON",-79.3066399,43.7128143
17 269959,0,New Building,Mixed Use/Res w Non Res,65,ANNIE CRAIG,DR, ,   ,12/1/2017,,,Under Review ,470,192.66,"65 ANNIE CRAIG DR, Toronto, ON",-79.4781691,43.6248555
11 221432,0,New Building,Mixed Use/Res w Non Res,199,RICHMOND,ST,W,M5V,6/24/2011,,,Issuance Pending,473,0,"199 RICHMOND ST, Toronto, ON",-79.3879544,43.6495164
12 154305,0,Building Additions/Alterations,College/Trade/Tech School/Training Cent.,930,WARDEN,AVE, ,M1L,4/16/2012,6/26/2013,9/25/2014,Closed,473,,"930 WARDEN AVE, Toronto, ON",-79.2892873,43.7312102
12 221439,0,New Building,Mixed Use/Res w Non Res,199,RICHMOND,ST,W,M5V,7/31/2012,3/5/2015,,Inspection,473,0,"199 RICHMOND ST, Toronto, ON",-79.3879544,43.6495164
13 272728,0,Building Additions/Alterations,Secondary School,443,MOUNT PLEASANT,RD, ,M4S,12/2/2013,4/1/2016,11/14/2017,Closed,473.1,0,"443 MOUNT PLEASANT RD, Toronto, ON",-79.3863974,43.7002139
15 143919,0,New Building,Mixed Use/Res w Non Res,186,JARVIS,ST, ,M5B,4/20/2015,3/29/2017,,Inspection,473.34,0,"186 JARVIS ST, Toronto, ON",-79.3745773,43.656126
11 234039,0,New Building,Mixed Use/Res w Non Res,117,PETER,ST, ,M5V,7/7/2011,7/22/2013,11/29/2017,Closed,475,0,"117 PETER ST, Toronto, ON",-79.3927199,43.6482941
13 268799,0,New Building,Mixed Use/Res w Non Res,138,ST HELEN'S,AVE, ,M6H,11/22/2013,12/19/2017,,Inspection,475,,"138 ST HELEN'S AVE, Toronto, ON",-79.4430752,43.6536281
12 183901,0,New Building,Mixed Use/Res w Non Res,18,REAN,DR, ,M2K,5/31/2012,9/18/2013,,Inspection,477,,"18 REAN DR, Toronto, ON",-79.3831855,43.7671234
16 268347,0,New Building,Mixed Use/Res w Non Res,51,EAST LIBERTY,ST, ,   ,12/19/2016,,,Response Received,478,,"51 EAST LIBERTY ST, Toronto, ON",-79.4121833,43.6387003
13 279800,0,New Houses,SFD - Detached,24,WEDGEWOOD,DR, ,M2M,12/19/2013,1/9/2014,1/11/2017,Closed,486.86,,"24 WEDGEWOOD DR, Toronto, ON",-79.4156385,43.7897018
11 311907,0,New Building,Apartment Building,130,GEORGE HENRY,BLVD, ,M2J,11/18/2011,5/9/2014,,Inspection,489,0,"130 GEORGE HENRY BLVD, Toronto, ON",-79.345354,43.7736006
14 250299,0,New Building,Apartment Building,125,GEORGE HENRY,BLVD, ,   ,11/12/2014,4/10/2018,,Permit Issued,489,,"125 GEORGE HENRY BLVD, Toronto, ON",-79.3463914,43.7735085
14 223706,0,Building Additions/Alterations,Other,361 A,OLD FINCH,AVE, ,M1B,9/17/2014,2/19/2015,,Inspection,489.12,,"361 A OLD FINCH AVE, Toronto, ON",-79.1902758,43.8246502
13 123611,0,New Building,Mixed Use/Res w Non Res,51,EAST LIBERTY,ST, ,   ,2/22/2013,7/21/2014,,Inspection,492,,"51 EAST LIBERTY ST, Toronto, ON",-79.4121833,43.6387003
13 245084,0,New Building,Mixed Use/Res w Non Res,87,PETER,ST, ,   ,10/2/2013,3/28/2017,,Inspection,495,0,"87 PETER ST, Toronto, ON",-79.3923973,43.6469441
14 207315,0,New Building,Other,60,COLBORNE,ST, ,   ,8/15/2014,2/13/2017,,Inspection,496.58,0,"60 COLBORNE ST, Toronto, ON",-79.3745319,43.6493806
11 327014,0,New Building,Apartment Building,707,DOVERCOURT,RD, ,M6H,12/16/2011,12/12/2012,,Inspection,497,,"707 DOVERCOURT RD, Toronto, ON",-79.4287255,43.6602263
14 172874,0,New Building,Apartment Building,571,DUNDAS,ST,W,M5T,6/12/2014,3/31/2017,9/26/2017,Closed,497,0,"571 DUNDAS ST, Toronto, ON",-79.4004455,43.6522762
13 214460,0,New Building,Apartment Building,9,VALHALLA INN,RD, ,   ,8/1/2013,7/30/2015,,Inspection,498,0,"9 VALHALLA INN RD, Toronto, ON",-79.5597326,43.6405938
13 196385,0,New Building,Mixed Use/Res w Non Res,24,HOWARD PARK,AVE, ,M6R,6/28/2013,4/7/2015,,Inspection,500,0,"24 HOWARD PARK AVE, Toronto, ON",-79.449448,43.6520704
12 246001,0,New Building,Mixed Use/Res w Non Res,318,RICHMOND,ST,W,M5V,9/13/2012,9/4/2014,,Inspection,501.75,11.35,"318 RICHMOND ST, Toronto, ON",-79.392205,43.6489001
16 270387,0,New Building,Community Hall,100,WOODSY PARK,LANE, ,   ,12/23/2016,,,Response Received,502,0,"100 WOODSY PARK LANE, Toronto, ON",-79.3750416,43.7678485
11 330642,0,New Building,Apartment Building,475,FRONT,ST,E,M5A,12/23/2011,3/11/2014,5/18/2017,Closed,504,,"475 FRONT ST, Toronto, ON",-79.3555575,43.6530127
13 229440,0,New Building,Mixed Use/Res w Non Res,2281,YONGE,ST, ,M4P,9/3/2013,,,Under Review ,508.22,977.31,"2281 YONGE ST, Toronto, ON",-79.3982462,43.7072453
11 329361,0,New Building,Mixed Use/Res w Non Res,783,BATHURST,ST, ,M5S,12/21/2011,12/23/2013,,Inspection,508.38,,"783 BATHURST ST, Toronto, ON",-79.4106917,43.6645795
17 146470,0,New Building,Car Dealership,630,KIPLING,AVE, ,M8Z,4/20/2017,7/21/2017,,Inspection,511.82,0,"630 KIPLING AVE, Toronto, ON",-79.5265351,43.6198753
17 146470,1,New Building,Car Dealership,630,KIPLING,AVE, ,M8Z,11/17/2017,7/24/2018,,Revision Issued,511.82,0,"630 KIPLING AVE, Toronto, ON",-79.5265351,43.6198753
14 255836,0,New Building,Mixed Use/Res w Non Res,11,WELLESLEY,ST,W,   ,11/24/2014,,,Examiner's Notice Sent,514,0,"11 WELLESLEY ST, Toronto, ON",-79.384863,43.6651439
15 220175,0,New Building,Mixed Use/Res w Non Res,604,RICHMOND,ST,W,M5V,9/9/2015,9/18/2017,,Inspection,514,0,"604 RICHMOND ST, Toronto, ON",-79.4026808,43.6468555
16 166105,0,New Building,Multiple Use/Non Residential,60,ATLANTIC,AVE, ,M6K,6/1/2016,11/22/2017,,Inspection,520,0,"60 ATLANTIC AVE, Toronto, ON",-79.4213012,43.6383774
17 143336,0,New Building,Apartment Building,200,MADISON,AVE, ,M4V,4/12/2017,,,Response Received,522.6,0,"200 MADISON AVE, Toronto, ON",-79.4068218,43.6764482
16 238098,0,New Building,Mixed Use/Res w Non Res,1985,YONGE,ST, ,M4S,10/17/2016,,,Refusal Notice,523,0,"1985 YONGE ST, Toronto, ON",-79.3967271,43.7002307
11 132392,0,New Building,Restaurant Greater Than 30 Seats,3895,MCNICOLL,AVE, ,   ,2/24/2011,3/25/2014,,Inspection,523.6,0,"3895 MCNICOLL AVE, Toronto, ON",-79.2358227,43.8262408
13 173674,0,New Building,Mixed Use/Res w Non Res,10,PARK LAWN,RD, ,M8Y,5/24/2013,8/22/2016,,Inspection,524,0,"10 PARK LAWN RD, Toronto, ON",-79.4836951,43.6232891
15 151323,0,New Building,Mixed Use/Res w Non Res,592,SHERBOURNE,ST, ,M4X,5/4/2015,12/9/2016,,Inspection,524.2,0,"592 SHERBOURNE ST, Toronto, ON",-79.3770888,43.671127
15 232712,0,Building Additions/Alterations,Multiple Use/Non Residential,3080,YONGE,ST, ,M4N,10/5/2015,7/4/2017,,Inspection,526.7,0,"3080 YONGE ST, Toronto, ON",-79.4024571,43.725347
13 256626,0,Building Additions/Alterations,University,78,QUEEN'S PARK, , ,M5S,10/25/2013,3/24/2015,,Inspection,528,0,"78 QUEEN'S PARK  , Toronto, ON",-79.3937945,43.6661177
14 237565,0,New Building,Apartment Building,183,ROEHAMPTON,AVE, ,M4P,10/15/2014,2/27/2018,,Inspection,528.5,0,"183 ROEHAMPTON AVE, Toronto, ON",-79.3930529,43.7089549
14 231200,0,New Building,College/Trade/Tech School/Training Cent.,3155,LAKE SHORE,BLVD,W,   ,10/2/2014,10/7/2015,,Inspection,530,0,"3155 LAKE SHORE BLVD, Toronto, ON",-79.5177448,43.5977123
13 108330,0,New Building,Apartment Building,80,ESTHER LORRIE,DR, ,   ,1/18/2013,9/26/2014,5/2/2016,Closed,534,,"80 ESTHER LORRIE DR, Toronto, ON",-79.5769374,43.731918
14 245143,1,New Houses,SFD - Detached,21,EVERGREEN,GDNS, ,M4G,12/17/2014,1/8/2015,3/23/2016,Closed,536,,"21 EVERGREEN GDNS, Toronto, ON",-79.3726685,43.695574
11 330653,0,New Building,Mixed Use/Res w Non Res,475,FRONT,ST,E,M5A,12/23/2011,3/11/2014,5/19/2017,Closed,540,0,"475 FRONT ST, Toronto, ON",-79.3555575,43.6530127
14 259634,0,New Building,Mixed Use/Res w Non Res,25,RICHMOND,ST,E,M5C,12/3/2014,,,Response Received,540,0,"25 RICHMOND ST, Toronto, ON",-79.3771828,43.6519136
16 270269,0,New Building,Mixed Use/Res w Non Res,30,MUTUAL,ST, ,   ,12/22/2016,,,Under Review ,542,128.8,"30 MUTUAL ST, Toronto, ON",-79.3750299,43.654741
15 266534,0,New Building,Apartment Building,15,KENASTON,GDNS, ,M2K,12/17/2015,1/18/2018,,Inspection,543,,"15 KENASTON GDNS, Toronto, ON",-79.3856451,43.7662634
14 138062,0,New Houses,SFD - Detached,86,PLYMBRIDGE,RD, ,M2P,4/4/2014,5/7/2014,,Inspection,551.4,,"86 PLYMBRIDGE RD, Toronto, ON",-79.3953215,43.741197
15 153872,0,New Building,Apartment Building,95,BROADWAY,AVE, ,M4P,5/8/2015,,,Under Review ,560,0,"95 BROADWAY AVE, Toronto, ON",-79.3934936,43.7104753
16 145537,0,New Building,Multiple Use/Non Residential,308,QUEEN,ST,W,   ,4/25/2016,,,Response Received,560,0,"308 QUEEN ST, Toronto, ON",-79.3939918,43.6497103
12 174758,0,New Building,Apartment Building,4180,DUNDAS,ST,W,M8X,5/16/2012,1/15/2014,1/26/2015,Closed,568,,"4180 DUNDAS ST, Toronto, ON",-79.5100624,43.6612466
13 256237,0,New Building,Apartment Building,1001,SHEPPARD,AVE,E,M2K,10/25/2013,8/1/2017,,Inspection,570,1086,"1001 SHEPPARD AVE, Toronto, ON",-79.3747029,43.7688858
13 119998,0,New Building,Multiple Use/Non Residential,300,SILVER STAR,BLVD, ,   ,2/14/2013,6/12/2014,,Inspection,574,,"300 SILVER STAR BLVD, Toronto, ON",-79.2948725,43.8125772
12 140070,0,New Building,Apartment Building,2,OLD MILL,DR, ,M6S,3/21/2012,11/6/2014,,Inspection,578.4,0,"2 OLD MILL DR, Toronto, ON",-79.4872154,43.6480478
14 174102,0,New Building,Apartment Building,88,ERSKINE,AVE, ,M4P,6/15/2014,12/22/2015,,Inspection,580,,"88 ERSKINE AVE, Toronto, ON",-79.3960472,43.7123725
10 286777,0,New Building,Apartment Building,1,VALHALLA INN,RD, ,M9B,10/28/2010,7/25/2012,,Inspection,581.5,0,"1 VALHALLA INN RD, Toronto, ON",-79.5594669,43.6402851
17 189372,0,New Building,Multiple Use/Non Residential,480,YONGE,ST, ,M4Y,6/28/2017,,,Under Review ,584.2,143.4,"480 YONGE ST, Toronto, ON",-79.3837402,43.6625423
12 235082,0,New Building,Mixed Use/Res w Non Res,70,TEMPERANCE,ST, ,   ,8/24/2012,8/9/2013,10/3/2017,Closed,587,,"70 TEMPERANCE ST, Toronto, ON",-79.3822063,43.6505117
14 262832,0,New Building,Mixed Use/Res w Non Res,2183,LAKE SHORE,BLVD,W,M8V,12/10/2014,,,Under Review ,590.2,0,"2183 LAKE SHORE BLVD, Toronto, ON",-79.4804767,43.6237612
11 236661,0,New Building,Apartment Building,72,ESTHER SHINER,BLVD, ,   ,7/12/2011,10/25/2013,8/29/2016,Closed,591,,"72 ESTHER SHINER BLVD, Toronto, ON",-79.3713203,43.7683207
17 157555,0,New Building,Mixed Use/Res w Non Res,77,MUTUAL,ST, ,M5B,5/10/2017,,,Refusal Notice,591,0,"77 MUTUAL ST, Toronto, ON",-79.375088,43.6561525
11 276573,0,New Building,Mixed Use/Res w Non Res,75,IANNUZZI,ST, ,   ,9/16/2011,5/31/2013,,Inspection,593.93,0,"75 IANNUZZI ST, Toronto, ON",-79.4010615,43.637648
14 245630,0,New Building,Apartment Building,1340,DANFORTH,RD, ,M1J,10/30/2014,1/19/2017,,Inspection,600,0,"1340 DANFORTH RD, Toronto, ON",-79.2456876,43.7434371
13 237742,0,New Building,Mixed Use/Res w Non Res,197,YONGE,ST, ,M5B,9/18/2013,,,Response Received,606.748,,"197 YONGE ST, Toronto, ON",-79.3793731,43.6533456
11 327064,0,New Building,Apartment Building,210,SIMCOE,ST, ,   ,12/16/2011,10/23/2013,,Inspection,607.69,,"210 SIMCOE ST, Toronto, ON",-79.3888604,43.6524331
18 139187,0,New Building,Self-Service Storage Building,69,TORBARRIE,RD, ,M3L,4/5/2018,7/20/2018,,Permit Issued,609,,"69 TORBARRIE RD, Toronto, ON",-79.522317,43.7240717
14 223706,1,Building Additions/Alterations,Other,361 A,OLD FINCH,AVE, ,M1B,8/26/2015,10/27/2015,,Revision Issued,610.19,0,"361 A OLD FINCH AVE, Toronto, ON",-79.1902758,43.8246502
15 239795,0,Building Additions/Alterations,Multiple Use/Non Residential,201,GUILDWOOD,PKWY, ,M1E,10/20/2015,12/6/2016,,Inspection,611.5,,"201 GUILDWOOD PKWY, Toronto, ON",-79.1921055,43.7476619
10 115481,0,New Building,Mixed Use/Res w Non Res,510,KING,ST,E,M5A,2/8/2010,6/18/2012,,Inspection,615,0,"510 KING ST, Toronto, ON",-79.3572771,43.6563589
16 253042,0,New Building,Mixed Use/Res w Non Res,875,QUEEN,ST,E,M4M,11/18/2016,,,Under Review ,615.12,134.876,"875 QUEEN ST, Toronto, ON",-79.4113521,43.6455613
16 268553,0,New Building,Apartment Building,2205,SHEPPARD,AVE,E,M2J,12/19/2016,,,Under Review ,616,0,"2205 SHEPPARD AVE, Toronto, ON",-79.3294917,43.7748263
10 240746,0,New Building,Mixed Use/Res w Non Res,295,ADELAIDE,ST,W,M5V,8/17/2010,6/21/2013,,Inspection,620,,"295 ADELAIDE ST, Toronto, ON",-79.3904081,43.6476273
14 257764,0,New Building,Elementary School,59,CLEMENT,RD, ,M9R,11/28/2014,4/30/2015,1/17/2017,Closed,620,0,"59 CLEMENT RD, Toronto, ON",-79.5593781,43.6793271
12 296723,0,New Building,Apartment Building,299,ROEHAMPTON,AVE, ,M4P,12/20/2012,4/15/2014,2/18/2016,Closed,620.9,,"299 ROEHAMPTON AVE, Toronto, ON",-79.3894498,43.7095336
14 126064,0,Building Additions/Alterations,Multiple Use/Non Residential,955,BAY,ST, ,M5S,3/7/2014,12/14/2015,,Inspection,624,,"955 BAY ST, Toronto, ON",-79.3869867,43.6647727
16 127450,0,Building Additions/Alterations,Multiple Use/Non Residential,3300,BLOOR,ST,W,M8X,3/14/2016,8/19/2016,,Inspection,624,0,"3300 BLOOR ST, Toronto, ON",-79.5224469,43.6454271
14 126064,2,Building Additions/Alterations,Multiple Use/Non Residential,955,BAY,ST, ,M5S,9/30/2016,9/8/2017,,Revision Issued,628,0,"955 BAY ST, Toronto, ON",-79.3869867,43.6647727
17 170764,0,New Building,Mixed Use/Res w Non Res,79,EAST DON ROADWAY, , ,M4M,5/31/2017,,,Refusal Notice,634,0,"79 EAST DON ROADWAY  , Toronto, ON",-79.35232,43.6576681
12 201776,0,New Building,Apartment Building,310,TWEEDSMUIR,AVE, ,M5P,6/27/2012,3/27/2014,,Inspection,637,0,"310 TWEEDSMUIR AVE, Toronto, ON",-79.4144321,43.6854937
14 265586,0,Building Additions/Alterations,University,1,SPADINA,CRES, ,M5S,12/18/2014,10/28/2015,,Inspection,638,,"1 SPADINA CRES, Toronto, ON",-79.4007004,43.6596809
13 254745,1,New Building,Multiple Use/Non Residential,7,ST THOMAS,ST, ,   ,9/23/2016,1/16/2017,,Revision Issued,639.83,0,"7 ST THOMAS ST, Toronto, ON",-79.3904914,43.6683241
13 264401,0,New Building,University,755,MORNINGSIDE,AVE, ,M1C,11/13/2013,9/2/2014,5/11/2016,Closed,640,,"755 MORNINGSIDE AVE, Toronto, ON",-79.1931192,43.7863202
14 128856,0,New Building,Apartment Building,70,IANNUZZI,ST, ,   ,3/14/2014,10/19/2016,,Permit Issued,640,0,"70 IANNUZZI ST, Toronto, ON",-79.4017686,43.6377272
14 156648,0,Building Additions/Alterations,Secondary School,298,LONSDALE,RD, ,M4V,5/14/2014,10/6/2015,,Inspection,640.77,0,"298 LONSDALE RD, Toronto, ON",-79.4088886,43.6902391
16 260971,0,Building Additions/Alterations,Hospital,30,BOND,ST, ,M5B,12/6/2016,,,Refusal Notice,641,,"30 BOND ST, Toronto, ON",-79.3783212,43.6537678
17 123809,0,New Building,Mixed Use/Res w Non Res,411,CHURCH,ST, ,M4Y,3/2/2017,,,Under Review ,643,0,"411 CHURCH ST, Toronto, ON",-79.3792312,43.6626843
17 278638,0,New Building,Mixed Use/Res w Non Res,5,MABELLE,AVE, ,   ,12/22/2017,,,Under Review ,652,23.5,"5 MABELLE AVE, Toronto, ON",-79.5262608,43.6459004
16 270254,0,New Building,Elementary School,23,GEORGE,ST, ,M9N,12/22/2016,,,Under Review ,652.8,652.8,"23 GEORGE ST, Toronto, ON",-79.3701674,43.6501579
16 166046,0,New Building,Apartment Building,2135,SHEPPARD,AVE,E,M2J,6/1/2016,,,Examiner's Notice Sent,654,0,"2135 SHEPPARD AVE, Toronto, ON",-79.331777,43.7749544
14 247824,0,New Building,Mixed Use/Res w Non Res,2151-2153,LAKE SHORE,BLVD,W,M8V,11/4/2014,3/18/2016,,Inspection,656,0,"2151-2153 LAKE SHORE BLVD, Toronto, ON",-79.4795597,43.6258255
12 296588,0,New Building,Elementary School,36,YVONNE,AVE, ,M3L,12/20/2012,5/24/2013,,Inspection,660,,"36 YVONNE AVE, Toronto, ON",-79.5179592,43.7239421
16 158308,0,New Building,Retail Store,360,MCLEVIN,AVE, ,   ,5/19/2016,2/16/2017,4/26/2017,Closed,660,0,"360 MCLEVIN AVE, Toronto, ON",-79.223527,43.808208
14 256851,0,New Building,Mixed Use/Res w Non Res,12,BONNYCASTLE,ST, ,   ,11/26/2014,11/24/2017,,Inspection,663.03,0,"12 BONNYCASTLE ST, Toronto, ON",-79.3651362,43.6460991
16 200691,0,New Building,Mixed Use/Res w Non Res,151,ROEHAMPTON,AVE, ,M4P,8/3/2016,,,Examiner's Notice Sent,664.84,,"151 ROEHAMPTON AVE, Toronto, ON",-79.394044,43.7087789
14 266226,0,New Building,Mixed Use/Res w Non Res,161,EGLINTON,AVE,E,M4P,12/19/2014,2/13/2018,,Inspection,678,0,"161 EGLINTON AVE, Toronto, ON",-79.3923967,43.7076986
11 263561,0,New Building,Mixed Use/Res w Non Res,170,FORT YORK,BLVD, ,   ,8/25/2011,4/4/2013,,Inspection,692,296.3,"170 FORT YORK BLVD, Toronto, ON",-79.3997415,43.6393466
11 325405,0,New Building,Mixed Use/Res w Non Res,511,BREMNER,BLVD, ,   ,12/13/2011,4/22/2015,,Inspection,693,1039,"511 BREMNER BLVD, Toronto, ON",-79.3926695,43.6406043
11 190549,0,New Building,Apartment Building,1,VALHALLA INN,RD, ,M9B,5/9/2011,2/21/2013,,Inspection,695,,"1 VALHALLA INN RD, Toronto, ON",-79.5594669,43.6402851
11 279925,0,New Building,Elementary School,0,ALTON TOWERS,CRCL, ,   ,9/22/2011,7/31/2012,2/20/2015,Closed,700,,"0 ALTON TOWERS CRCL, Toronto, ON",-79.2775618,43.8238879
16 138508,0,Building Additions/Alterations,Elementary School,15,ST PASCHAL,CRT, ,M2M,4/11/2016,5/10/2018,,Inspection,710,0,"15 ST PASCHAL CRT, Toronto, ON",-79.4313569,43.7920737
15 239771,0,New Building,Mixed Use/Res w Non Res,24,HOWARD PARK,AVE, ,M6R,10/20/2015,6/6/2017,,Inspection,710.8,0,"24 HOWARD PARK AVE, Toronto, ON",-79.449448,43.6520704
12 260361,0,New Building,Apartment Building,88,SHEPPARD,AVE,E,   ,10/10/2012,5/21/2014,8/22/2016,Closed,712,,"88 SHEPPARD AVE, Toronto, ON",-79.4070417,43.7640292
17 181803,0,New Building,Apartment Building,4650,EGLINTON,AVE,W,   ,6/16/2017,7/30/2018,,Permit Issued,716.6,1341.43,"4650 EGLINTON AVE, Toronto, ON",-79.2122565,43.7446459
10 316687,0,New Building,Mixed Use/Res w Non Res,20,JOE SHUSTER,WAY, ,   ,12/17/2010,12/20/2013,6/29/2018,Closed,716.7,0,"20 JOE SHUSTER WAY, Toronto, ON",-79.4241261,43.6402772
13 275740,0,New Building,Car Dealership,175,YORKLAND,BLVD, ,   ,12/9/2013,1/30/2015,1/13/2017,Closed,718.3,718.3,"175 YORKLAND BLVD, Toronto, ON",-79.3352019,43.7701284
15 183221,0,New Building,Mixed Use/Res w Non Res,43,GERRARD,ST,W,   ,6/30/2015,5/1/2017,,Inspection,720.78,0,"43 GERRARD ST, Toronto, ON",-79.3845638,43.658374
15 267631,0,New Building,Mixed Use/Res w Non Res,501,YONGE,ST, ,M4Y,12/21/2015,,,Under Review ,722,0,"501 YONGE ST, Toronto, ON",-79.3835684,43.6631962
11 223964,0,New Building,Apartment Building,399,SPRING GARDEN,AVE, ,M2N,6/21/2011,11/25/2013,,Inspection,723.5,0,"399 SPRING GARDEN AVE, Toronto, ON",-79.3895818,43.7685737
12 146242,0,New Building,Recreational,55,FOREST MANOR,RD, ,   ,3/30/2012,3/20/2014,,Inspection,726,0,"55 FOREST MANOR RD, Toronto, ON",-79.3438654,43.7725839
11 147390,0,New Building,Other,100,GARRISON,RD, ,M5V,3/17/2011,5/29/2013,,Inspection,729.6,0,"100 GARRISON RD, Toronto, ON",-79.4063243,43.6383509
10 272513,0,New Building,Apartment Building,275,YORKLAND,RD, ,   ,10/6/2010,10/2/2013,,Inspection,744.9,10.5,"275 YORKLAND RD, Toronto, ON",-79.3369183,43.7747643
13 133841,0,New Building,Other,51,BEECHGROVE,DR, ,M1E,3/15/2013,4/16/2014,,Inspection,746,,"51 BEECHGROVE DR, Toronto, ON",-79.152405,43.7657074
13 260999,0,New Building,Apartment Building,20,GLADSTONE,AVE, ,M6J,11/5/2013,10/7/2015,,Inspection,747,,"20 GLADSTONE AVE, Toronto, ON",-79.4275373,43.6432692
13 111792,0,New Building,Apartment Building,830,LAWRENCE,AVE,W,   ,1/28/2013,8/18/2016,,Inspection,752,0,"830 LAWRENCE AVE, Toronto, ON",-79.4544111,43.7144545
17 123207,0,Building Additions/Alterations,Multiple Unit Building,55,BLOOR,ST,W,M4W,3/1/2017,,,Refusal Notice,752,0,"55 BLOOR ST, Toronto, ON",-79.3885728,43.6695816
17 181554,0,New Building,Parking Garage,75,CANTERBURY,PL, ,M2N,6/16/2017,,,Under Review ,754.38,,"75 CANTERBURY PL, Toronto, ON",-79.4148858,43.7736905
17 181647,0,New Building,Apartment Building,75,CANTERBURY,PL, ,M2N,6/16/2017,,,Response Received,754.38,0,"75 CANTERBURY PL, Toronto, ON",-79.4148858,43.7736905
16 216124,0,New Building,Multiple Use/Non Residential,300,COMMISSIONERS,ST, ,M4M,8/31/2016,,,Refusal Notice,756,0,"300 COMMISSIONERS ST, Toronto, ON",-79.3409133,43.6505629
17 272255,0,New Building,Mixed Use/Res w Non Res,19,WESTERN BATTERY,RD, ,   ,12/6/2017,,,Response Received,759,0,"19 WESTERN BATTERY RD, Toronto, ON",-79.4113325,43.6395782
12 296413,0,New Building,Apartment Building,160,VANDERHOOF,AVE, ,   ,12/20/2012,6/8/2016,1/23/2018,Closed,760,0,"160 VANDERHOOF AVE, Toronto, ON",-79.3531453,43.7143483
12 213264,1,New Building,Other,6,ELM,AVE, ,M4W,2/5/2014,10/2/2014,7/22/2016,Closed,764,0,"6 ELM AVE, Toronto, ON",-79.3805692,43.6747068
17 227808,0,New Building,Mixed Use/Res w Non Res,460,FRONT,ST,E,   ,9/5/2017,,,Under Review ,771,,"460 FRONT ST, Toronto, ON",-79.3970315,43.642263
17 151586,0,New Building,Car Dealership,630,KIPLING,AVE, ,M8Z,4/30/2017,7/21/2017,,Inspection,772.47,1688.15,"630 KIPLING AVE, Toronto, ON",-79.5265351,43.6198753
17 151586,1,New Building,Car Dealership,630,KIPLING,AVE, ,M8Z,11/23/2017,7/24/2018,,Revision Issued,772.47,0,"630 KIPLING AVE, Toronto, ON",-79.5265351,43.6198753
17 115656,0,New Building,Apartment Building,9,MABELLE,AVE, ,   ,2/10/2017,,,Examiner's Notice Sent,779,0,"9 MABELLE AVE, Toronto, ON",-79.5262956,43.6458712
12 213264,0,New Building,Other,6,ELM,AVE, ,M4W,7/17/2012,7/5/2013,7/22/2016,Closed,786,,"6 ELM AVE, Toronto, ON",-79.3805692,43.6747068
16 250026,0,New Building,Apartment Building,255,VILLAGE GREEN,SQ, ,   ,11/10/2016,,,Response Received,791.5,,"255 VILLAGE GREEN SQ, Toronto, ON",-79.2828644,43.7798189
17 194523,0,New Building,Mixed Use/Res w Non Res,261,QUEENS QUAY, ,E,M5A,7/7/2017,,,Under Review ,804.9,0,"261 QUEENS QUAY  , Toronto, ON",-79.3820552,43.6397238
13 280664,0,New Building,Retail Store,3829-3983,JANE,ST, ,M3N,12/20/2013,2/25/2015,,Permit Issued,808,808,"3829-3983 JANE ST, Toronto, ON",-79.5171016,43.7552084
12 135248,0,Building Additions/Alterations,Elementary School,85,MOATFIELD,DR, ,M3B,3/12/2012,9/25/2012,9/15/2017,Closed,810,,"85 MOATFIELD DR, Toronto, ON",-79.352276,43.7590103
12 260027,0,New Building,Library,150,BOROUGH,DR, ,M1P,10/9/2012,5/9/2013,,Inspection,814,,"150 BOROUGH DR, Toronto, ON",-79.2576797,43.7728978
16 158573,0,New Building,Apartment Building,591,SHEPPARD,AVE,E,M2K,5/19/2016,4/13/2018,,Permit Issued,821,0,"591 SHEPPARD AVE, Toronto, ON",-79.3841613,43.7674005
14 257413,0,New Building,Apartment Building,2800,KEELE,ST, ,M3M,11/27/2014,4/28/2016,5/8/2018,Closed,828,,"2800 KEELE ST, Toronto, ON",-79.4827723,43.7287174
14 267285,0,New Building,Apartment Building,2150,LAWRENCE,AVE,E,M1R,12/23/2014,9/29/2016,,Inspection,839,,"2150 LAWRENCE AVE, Toronto, ON",-79.2862505,43.747907
14 267291,0,New Building,Apartment Building,2150,LAWRENCE,AVE,E,M1R,12/23/2014,9/11/2017,,Permit Issued,839,,"2150 LAWRENCE AVE, Toronto, ON",-79.2862505,43.747907
16 179973,0,New Building,University,4700,KEELE,ST, ,M3J,6/24/2016,,,Examiner's Notice Sent,841,0,"4700 KEELE ST, Toronto, ON",-79.4931653,43.7742639
14 198747,0,New Building,Mixed Use/Res w Non Res,255,COLLEGE,ST, ,M5T,7/29/2014,6/30/2017,,Inspection,873,195.6,"255 COLLEGE ST, Toronto, ON",-79.3992566,43.6579081
16 223100,0,New Building,Office,3500,EGLINTON,AVE,W,M6M,9/15/2016,,,Under Review ,876,0,"3500 EGLINTON AVE, Toronto, ON",-79.4870067,43.6881703
13 254745,0,New Building,Multiple Use/Non Residential,7,ST THOMAS,ST, ,   ,10/22/2013,9/2/2016,,Inspection,883,,"7 ST THOMAS ST, Toronto, ON",-79.3904914,43.6683241
15 241022,0,New Building,Mixed Use/Res w Non Res,1100,BRIAR HILL,AVE, ,M6B,10/22/2015,9/14/2016,,Inspection,887,887,"1100 BRIAR HILL AVE, Toronto, ON",-79.4512264,43.7028902
11 309981,0,New Building,University,341,YONGE,ST, ,M5B,11/15/2011,10/31/2012,7/27/2015,Closed,889.5,0,"341 YONGE ST, Toronto, ON",-79.3811628,43.6577562
13 155002,0,New Building,Mixed Use/Res w Non Res,545-565,SHERBOURNE,ST, ,M4X,4/22/2013,9/1/2016,,Inspection,890,,"545-565 SHERBOURNE ST, Toronto, ON",-79.3748336,43.6684679
15 201043,0,New Houses,SFD - Townhouse,545-565,SHERBOURNE,ST, ,M4X,8/4/2015,6/19/2017,,Inspection,890,,"545-565 SHERBOURNE ST, Toronto, ON",-79.3748336,43.6684679
15 224387,0,New Building,Medical/Dental Office,2225,MARKHAM,RD, ,M1B,9/17/2015,7/7/2016,,Inspection,914,,"2225 MARKHAM RD, Toronto, ON",-79.2437077,43.8085883
17 266912,0,New Building,Mixed Use/Res w Non Res,25,NICHOLAS,AVE, ,   ,11/24/2017,,,Response Received,918,,"25 NICHOLAS AVE, Toronto, ON",-79.3858403,43.6655108
16 249200,0,New Building,Mixed Use/Res w Non Res,45,DUNFIELD,AVE, ,M4S,11/9/2016,,,Under Review ,919,,"45 DUNFIELD AVE, Toronto, ON",-79.3942884,43.7062633
11 280530,0,New Building,Apartment Building,100,PARKWAY FOREST,DR, ,M2J,9/23/2011,11/29/2013,,Inspection,952,0,"100 PARKWAY FOREST DR, Toronto, ON",-79.3418648,43.7732919
16 264881,0,Building Additions/Alterations,Multiple Use/Non Residential,40,HANNA,AVE, ,   ,12/15/2016,,,Refusal Notice,964,0,"40 HANNA AVE, Toronto, ON",-79.4200293,43.6389933
11 187152,0,New Building,Mixed Use/Res w Non Res,591,DUNDAS,ST,E,M5T,5/4/2011,5/31/2013,9/19/2013,Closed,986,,"591 DUNDAS ST, Toronto, ON",-79.3608238,43.6603024
14 163201,0,New Building,Mixed Use/Res w Non Res,511,BREMNER,BLVD, ,   ,5/28/2014,4/6/2017,,Inspection,989.52,557.25,"511 BREMNER BLVD, Toronto, ON",-79.3926695,43.6406043
16 164910,0,New Building,Mixed Use/Res w Non Res,2131,YONGE,ST, ,M4S,5/31/2016,,,Examiner's Notice Sent,991,861,"2131 YONGE ST, Toronto, ON",-79.397477,43.703611
17 186222,0,New Building,Car Dealership,1635,THE QUEENSWAY, , ,M8Z,6/23/2017,,,Under Review ,994,,"1635 THE QUEENSWAY  , Toronto, ON",-79.546733,43.6155829
16 149784,0,New Building,Apartment Building,35,WABASH,AVE, ,M6R,5/3/2016,5/10/2018,,Inspection,1000,0,"35 WABASH AVE, Toronto, ON",-79.4426323,43.6474958
17 139036,0,New Building,Office,2,INTERNATIONAL,BLVD, ,M9W,4/4/2017,11/9/2017,,Inspection,1005,,"2 INTERNATIONAL BLVD, Toronto, ON",-79.5905874,43.6778582
12 148129,0,New Building,Apartment Building,635,KING,ST,E,   ,4/3/2012,3/14/2014,,Inspection,1007,,"635 KING ST, Toronto, ON",-79.4017215,43.6438529
14 209736,0,New Building,Retail Store,666,MARKHAM,RD, ,M1H,8/21/2014,1/27/2015,,Inspection,1008,,"666 MARKHAM RD, Toronto, ON",-79.2271241,43.7609618
13 182544,0,New Building,Mixed Use/Res w Non Res,345,CARLAW,AVE, ,M4M,6/6/2013,1/15/2015,,Inspection,1015.17,0,"345 CARLAW AVE, Toronto, ON",-79.3413975,43.6651527
16 239190,0,New Building,Apartment Building,150,RIVER,ST, ,M5A,10/18/2016,,,Under Review ,1018,,"150 RIVER ST, Toronto, ON",-79.3588367,43.6619389
15 226338,0,New Building,Multiple Use/Non Residential,165,YORKLAND,BLVD, ,   ,9/22/2015,4/27/2018,,Permit Issued,1030,0,"165 YORKLAND BLVD, Toronto, ON",-79.3336176,43.7702752
11 154403,0,Building Additions/Alterations,Elementary School,80,THORNCLIFFE PARK,DR, ,M4H,3/25/2011,6/6/2012,12/3/2014,Closed,1032,742,"80 THORNCLIFFE PARK DR, Toronto, ON",-79.343318,43.7052916
17 198524,0,New Building,Multiple Use/Non Residential,440,FRONT,ST,W,M5V,7/14/2017,,,Under Review ,1038,1824,"440 FRONT ST, Toronto, ON",-79.3960597,43.642834
13 240040,0,New Building,Mixed Use/Res w Non Res,525,ADELAIDE,ST,W,M5V,9/23/2013,7/4/2017,,Inspection,1040,,"525 ADELAIDE ST, Toronto, ON",-79.4021851,43.6453398
15 174949,0,New Building,Mixed Use/Res w Non Res,1275,FINCH,AVE,W,   ,6/16/2015,7/18/2018,,Permit Issued,1045,0,"1275 FINCH AVE, Toronto, ON",-79.4884744,43.7640246
16 113513,0,Building Additions/Alterations,Community Hall,495,SHERBOURNE,ST, ,M4X,2/5/2016,7/28/2016,,Inspection,1051,,"495 SHERBOURNE ST, Toronto, ON",-79.3744442,43.6674103
10 255756,0,New Building,Mixed Use/Res w Non Res,120,BREMNER,BLVD, ,   ,9/10/2010,1/23/2014,,Inspection,1051.9,988.7,"120 BREMNER BLVD, Toronto, ON",-79.3830512,43.6425704
11 279729,0,New Building,Hospital,76,GRENVILLE,ST, ,M5S,9/22/2011,3/5/2013,,Inspection,1060.6,,"76 GRENVILLE ST, Toronto, ON",-79.3876364,43.6616205
14 124642,0,New Building,Secondary School,1555,MIDLAND,AVE, ,M1P,3/5/2014,3/29/2017,,Inspection,1063,1376.5,"1555 MIDLAND AVE, Toronto, ON",-79.2656141,43.7551243
16 220103,0,New Building,Elementary School,77,GLEN RUSH,BLVD, ,M5N,9/9/2016,5/2/2018,,Permit Issued,1063,,"77 GLEN RUSH BLVD, Toronto, ON",-79.4258684,43.7181402
14 253380,0,New Building,Apartment Building,5200,YONGE,ST, ,M2N,11/18/2014,12/21/2016,,Inspection,1074,0,"5200 YONGE ST, Toronto, ON",-79.4135224,43.770655
12 203332,0,New Building,University,100,DEVONSHIRE,PL, ,M5S,6/29/2012,6/28/2013,1/30/2015,Closed,1080,,"100 DEVONSHIRE PL, Toronto, ON",-79.3984145,43.6670709
12 219269,0,New Building,Mixed Use/Res w Non Res,30,ROEHAMPTON,AVE, ,   ,7/26/2012,4/14/2015,,Inspection,1081,,"30 ROEHAMPTON AVE, Toronto, ON",-79.3974985,43.708472
11 295644,0,New Building,Apartment Building,2157,LAKE SHORE,BLVD,W,M8V,10/19/2011,11/13/2014,,Inspection,1087,0,"2157 LAKE SHORE BLVD, Toronto, ON",-79.4791493,43.6254754
11 249770,0,New Building,Mixed Use/Res w Non Res,800,LAWRENCE,AVE,W,   ,8/2/2011,10/28/2014,6/14/2016,Closed,1093,0,"800 LAWRENCE AVE, Toronto, ON",-79.4530725,43.714543
13 280135,0,New Building,Office,165,GALAXY,BLVD, ,   ,12/19/2013,9/17/2014,,Inspection,1098.02,,"165 GALAXY BLVD, Toronto, ON",-79.5845579,43.6791297
15 237835,0,New Building,Apartment Building,14,TRENT,AVE, ,M4C,10/15/2015,1/15/2018,,Inspection,1099,0,"14 TRENT AVE, Toronto, ON",-79.2959889,43.6881968
17 209437,0,Building Additions/Alterations,Elementary School,171,AVONDALE,AVE, ,M2N,8/1/2017,7/30/2018,,Permit Issued,1108,0,"171 AVONDALE AVE, Toronto, ON",-79.4001547,43.7598554
14 266371,0,New Building,Library,1515,ALBION,RD, ,M9V,12/19/2014,6/5/2015,,Inspection,1110,0,"1515 ALBION RD, Toronto, ON",-79.5839601,43.7398199
15 247214,0,New Building,Mixed Use/Res w Non Res,110,RIVER,ST, ,M5A,11/4/2015,7/17/2017,,Inspection,1111,0,"110 RIVER ST, Toronto, ON",-79.3580272,43.6603366
13 124990,0,New Building,Mixed Use/Res w Non Res,1844,BLOOR,ST,W,M6P,2/26/2013,1/29/2014,,Inspection,1113,,"1844 BLOOR ST, Toronto, ON",-79.4630432,43.6542782
11 239542,1,Building Additions/Alterations,College/Trade/Tech School/Training Cent.,4700,KEELE,ST, ,M3J,12/22/2014,10/30/2015,,Revision Issued,1114,0,"4700 KEELE ST, Toronto, ON",-79.4931653,43.7742639
15 176396,0,New Building,Mixed Use/Res w Non Res,1,EDGEWATER,DR, ,   ,6/18/2015,12/7/2017,,Inspection,1120,0,"1 EDGEWATER DR, Toronto, ON",-79.3632764,43.6452541
16 139867,0,New Building,Elementary School,171,AVONDALE,AVE, ,M2N,4/13/2016,3/13/2017,,Inspection,1127,0,"171 AVONDALE AVE, Toronto, ON",-79.4001547,43.7598554
12 266823,0,New Building,Mixed Use/Res w Non Res,434,ADELAIDE,ST,W,M5V,10/23/2012,8/4/2015,,Inspection,1132,0,"434 ADELAIDE ST, Toronto, ON",-79.397532,43.6465413
14 266003,0,New Building,Apartment Building,2229,KINGSTON,RD, ,M1N,12/19/2014,7/8/2016,,Inspection,1136,0,"2229 KINGSTON RD, Toronto, ON",-79.2518546,43.7044228
16 114860,0,New Building,Mixed Use/Res w Non Res,270,CHURCH,ST, ,M5B,2/9/2016,6/9/2017,,Inspection,1142,,"270 CHURCH ST, Toronto, ON",-79.377615,43.6567378
16 180989,0,New Building,Mixed Use/Res w Non Res,591,DUNDAS,ST,E,M5T,6/27/2016,1/8/2018,,Inspection,1154,0,"591 DUNDAS ST, Toronto, ON",-79.3608238,43.6603024
12 296759,0,Building Additions/Alterations,Office,134,PETER,ST, ,M5V,12/20/2012,10/15/2013,,Inspection,1157.33,0,"134 PETER ST, Toronto, ON",-79.3938041,43.6485436
12 202451,0,New Building,Elementary School,50,UPPER ROUGE,TRL, ,   ,6/28/2012,2/14/2013,10/8/2014,Closed,1159,,"50 UPPER ROUGE TRL, Toronto, ON",-79.1904746,43.8083851
14 106954,0,New Building,Multiple Use/Non Residential,351,KING,ST,E,   ,1/20/2014,8/9/2016,,Inspection,1161,2190,"351 KING ST, Toronto, ON",-79.3643757,43.6513856
12 174617,0,New Building,Office,165,GALAXY,BLVD, ,   ,5/16/2012,3/7/2013,,Inspection,1176.45,,"165 GALAXY BLVD, Toronto, ON",-79.5845579,43.6791297
15 223954,0,Building Additions/Alterations,College/Trade/Tech School/Training Cent.,1377,SHEPPARD,AVE,W,M3K,9/17/2015,9/22/2016,,Inspection,1183,0,"1377 SHEPPARD AVE, Toronto, ON",-79.4857107,43.7448637
11 312272,0,Building Additions/Alterations,Elementary School,270,MANSE,RD, ,M1E,11/18/2011,6/18/2012,7/10/2018,Closed,1197,,"270 MANSE RD, Toronto, ON",-79.1755888,43.7669449
14 256786,0,New Building,Mixed Use/Res w Non Res,210,EASTERN,AVE, ,M5A,11/26/2014,5/2/2017,,Inspection,1204,0,"210 EASTERN AVE, Toronto, ON",-79.3540514,43.6553066
16 270409,0,New Building,Mixed Use/Res w Non Res,5245,DUNDAS,ST,W,M9B,12/23/2016,,,Under Review ,1208,0,"5245 DUNDAS ST, Toronto, ON",-79.5374348,43.638562
17 107074,0,New Building,Mixed Use/Res w Non Res,20,TUBMAN,AVE, ,   ,1/20/2017,,,Refusal Notice,1210,,"20 TUBMAN AVE, Toronto, ON",-79.3595652,43.6606825
10 227495,0,New Building,Multiple Use/Non Residential,11,ST ANNES,RD, ,M6J,7/23/2010,4/13/2011,9/26/2012,Closed,1220,0,"11 ST ANNES RD, Toronto, ON",-79.4265209,43.6515048
13 161711,0,New Building,Office,100,ADELAIDE,ST,W,M5H,5/3/2013,8/24/2015,,Inspection,1224,361,"100 ADELAIDE ST, Toronto, ON",-79.3824629,43.6497729
11 311255,0,New Building,Mixed Use/Res w Non Res,621,KING,ST,W,M5V,11/17/2011,11/10/2015,,Inspection,1225.3,,"621 KING ST, Toronto, ON",-79.4011531,43.6440115
14 247852,0,New Building,Mixed Use/Res w Non Res,2205,SHEPPARD,AVE,E,M2J,11/4/2014,7/10/2018,,Inspection,1232.3,0,"2205 SHEPPARD AVE, Toronto, ON",-79.3294917,43.7748263
17 226807,0,New Building,Mixed Use/Res w Non Res,100,HOWARD,ST, ,   ,9/1/2017,,,Under Review ,1235,,"100 HOWARD ST, Toronto, ON",-79.3719262,43.671514
17 195296,0,New Building,Multiple Use/Non Residential,16,YORK,ST, ,M5J,7/10/2017,,,Under Review ,1258,1234,"16 YORK ST, Toronto, ON",-79.3817452,43.6424568
11 329842,0,New Building,Other,25,REES,ST, ,   ,12/22/2011,6/27/2014,,Inspection,1269.24,,"25 REES ST, Toronto, ON",-79.3872124,43.6402887
17 146316,0,New Building,Mixed Use/Res w Non Res,505,RICHMOND,ST,W,M5V,4/20/2017,,,Refusal Notice,1286.4,,"505 RICHMOND ST, Toronto, ON",-79.3993427,43.6472411
12 204706,0,New Building,Apartment Building,55,ANN O'REILLY,RD, ,   ,7/4/2012,4/9/2015,,Inspection,1287.6,0,"55 ANN O'REILLY RD, Toronto, ON",-79.3293485,43.7736823
16 159450,0,New Building,Mixed Use/Res w Non Res,620,KING,ST,W,M5V,5/20/2016,1/29/2018,,Inspection,1332,0,"620 KING ST, Toronto, ON",-79.4007969,43.6444884
14 264762,0,New Building,Parking Garage,1603,EGLINTON,AVE,W,M6E,12/16/2014,,,Under Review ,1335,0,"1603 EGLINTON AVE, Toronto, ON",-79.4432026,43.6970481
17 194078,0,New Building,Community Hall,4588,BATHURST,ST, ,M2R,7/7/2017,,,Under Review ,1343.6,0,"4588 BATHURST ST, Toronto, ON",-79.4420738,43.7631527
11 232379,0,New Building,Mixed Use/Res w Non Res,591,DUNDAS,ST,E,M5T,7/5/2011,2/1/2013,10/17/2017,Closed,1344,,"591 DUNDAS ST, Toronto, ON",-79.3608238,43.6603024
13 137731,0,New Building,Retail Store,1860,BAYVIEW,AVE, ,M4G,3/20/2013,4/16/2014,,Inspection,1348,0,"1860 BAYVIEW AVE, Toronto, ON",-79.377852,43.7141093
14 267277,0,New Building,Apartment Building,50,REGENT PARK,BLVD, ,   ,12/23/2014,12/11/2017,,Inspection,1354,0,"50 REGENT PARK BLVD, Toronto, ON",-79.3613904,43.6593433
17 253916,0,New Building,Apartment Building,65,LIVINGSTON,RD, ,M1E,10/26/2017,,,Refusal Notice,1355,0,"65 LIVINGSTON RD, Toronto, ON",-79.1980116,43.7458578
13 238679,0,New Building,Apartment Building,99,THE DONWAY, ,W,   ,9/19/2013,1/18/2016,,Inspection,1368,0,"99 THE DONWAY  , Toronto, ON",-79.3467757,43.7338891
13 238466,0,New Building,Parking Garage,99,THE DONWAY, ,W,   ,9/19/2013,1/5/2016,,Permit Issued,1368.3,0,"99 THE DONWAY  , Toronto, ON",-79.3467757,43.7338891
13 238504,0,New Building,Apartment Building,99,THE DONWAY, ,W,   ,9/19/2013,1/5/2016,,Inspection,1368.3,0,"99 THE DONWAY  , Toronto, ON",-79.3467757,43.7338891
16 271046,0,New Building,Mixed Use/Res w Non Res,621,SHEPPARD,AVE,E,M2K,12/28/2016,7/25/2018,,Permit Issued,1405,,"621 SHEPPARD AVE, Toronto, ON",-79.3813564,43.7681955
11 193106,0,New Building,Other,591,DUNDAS,ST,E,M5T,5/12/2011,8/30/2013,,Inspection,1442,,"591 DUNDAS ST, Toronto, ON",-79.3608238,43.6603024
10 120075,0,Building Additions/Alterations,Office,222,JARVIS,ST, ,M5B,2/18/2010,6/4/2010,11/9/2015,Closed,1470,0,"222 JARVIS ST, Toronto, ON",-79.3755903,43.6581067
16 148136,0,New Building,Medical/Dental Office,101,HUMBER COLLEGE,BLVD, ,M9V,4/29/2016,6/29/2017,7/6/2018,Closed,1500,,"101 HUMBER COLLEGE BLVD, Toronto, ON",-79.5975211,43.7289986
13 227528,0,New Building,Apartment Building,255,VILLAGE GREEN,SQ, ,   ,8/28/2013,12/28/2016,,Permit Issued,1511,,"255 VILLAGE GREEN SQ, Toronto, ON",-79.2828644,43.7798189
15 240592,0,New Building,Warehouse,1251,TAPSCOTT,RD, ,   ,10/21/2015,6/22/2016,,Inspection,1515.5,0,"1251 TAPSCOTT RD, Toronto, ON",-79.2428495,43.8262782
12 233929,0,New Building,Apartment Building,2150,LAWRENCE,AVE,E,M1R,8/22/2012,9/22/2014,7/8/2016,Closed,1519,0,"2150 LAWRENCE AVE, Toronto, ON",-79.2862505,43.747907
15 240559,0,New Building,Warehouse,1251,TAPSCOTT,RD, ,   ,10/21/2015,6/28/2016,,Inspection,1536.3,0,"1251 TAPSCOTT RD, Toronto, ON",-79.2428495,43.8262782
10 315385,0,New Building,Mixed Use/Res w Non Res,560,KING,ST,W,M5V,12/16/2010,5/2/2013,2/9/2016,Closed,1541,,"560 KING ST, Toronto, ON",-79.3990598,43.6448637
15 134857,0,New Building,Retail Store,3401,DUFFERIN,ST, ,M6A,3/31/2015,8/18/2016,10/31/2016,Closed,1553.8,0,"3401 DUFFERIN ST, Toronto, ON",-79.4541729,43.7246843
15 140383,0,New Building,Self-Service Storage Building,515,CENTENNIAL,RD,N,M1C,4/14/2015,3/8/2016,3/20/2017,Closed,1587.8,0,"515 CENTENNIAL RD, Toronto, ON",-79.152869,43.7936715
14 262283,0,New Building,Mixed Use/Res w Non Res,30,ORDNANCE,ST, ,M6K,12/9/2014,,,Under Review ,1600,,"30 ORDNANCE ST, Toronto, ON",-79.4100506,43.6395987
17 108412,0,New Building,Mixed Use/Res w Non Res,11,ORDNANCE,ST, ,M6K,1/24/2017,,,Examiner's Notice Sent,1600,0,"11 ORDNANCE ST, Toronto, ON",-79.4096449,43.6393392
17 232060,0,New Building,Mixed Use/Res w Non Res,79,EAST DON ROADWAY, , ,M4M,9/13/2017,,,Examiner's Notice Sent,1633,0,"79 EAST DON ROADWAY  , Toronto, ON",-79.35232,43.6576681
15 140425,0,New Building,Self-Service Storage Building,515,CENTENNIAL,RD,N,M1C,4/14/2015,3/8/2016,3/20/2017,Closed,1659.1,0,"515 CENTENNIAL RD, Toronto, ON",-79.152869,43.7936715
13 260980,0,New Building,Apartment Building,11,PEEL,AVE, ,M6J,11/5/2013,8/14/2015,,Inspection,1670,,"11 PEEL AVE, Toronto, ON",-79.4284926,43.6437964
14 150989,7,Building Additions/Alterations,Industrial,20-Feb,FRASER,AVE, ,M6K,7/21/2017,9/22/2017,9/29/2017,Closed,1675,0,"20-Feb FRASER AVE, Toronto, ON",-79.4240585,43.6374794
15 228084,0,New Building,Apartment Building,7,MABELLE,AVE, ,   ,9/24/2015,7/20/2018,,Permit Issued,1682,0,"7 MABELLE AVE, Toronto, ON",-79.5256351,43.6464261
12 170167,0,New Building,Mixed Use/Res w Non Res,475,FRONT,ST,E,M5A,5/9/2012,10/14/2015,10/14/2016,Closed,1701.4,,"475 FRONT ST, Toronto, ON",-79.3555575,43.6530127
16 186839,0,New Building,Mixed Use/Res w Non Res,33-45,NIAGARA,ST, ,M5V,7/7/2016,5/11/2018,,Inspection,1735.64,,"33-45 NIAGARA ST, Toronto, ON",-79.4005749,43.6420682
16 117393,0,Building Additions/Alterations,Retail Store,25,THE WEST MALL, , ,M9C,2/17/2016,6/22/2016,11/3/2017,Closed,1740.52,0,"25 THE WEST MALL  , Toronto, ON",-79.557183,43.6116933
16 127281,0,New Building,Mixed Use/Res w Non Res,143,LAKE SHORE,BLVD,E,M5A,3/14/2016,,,Response Received,1768,0,"143 LAKE SHORE BLVD, Toronto, ON",-79.3896317,43.6391402
12 176280,0,New Building,Mixed Use/Res w Non Res,591,DUNDAS,ST,E,M5T,5/18/2012,5/24/2013,,Inspection,1773.5,,"591 DUNDAS ST, Toronto, ON",-79.3608238,43.6603024
14 266096,0,New Building,Apartment Building,65,GRAND MAGAZINE,ST, ,   ,12/19/2014,,,Examiner's Notice Sent,1804,0,"65 GRAND MAGAZINE ST, Toronto, ON",-79.402027,43.637187
12 114933,0,New Building,Mixed Use/Res w Non Res,120,BREMNER,BLVD, ,   ,1/31/2012,11/26/2013,,Inspection,1827.57,126.09,"120 BREMNER BLVD, Toronto, ON",-79.3830512,43.6425704
13 238027,0,Building Additions/Alterations,College/Trade/Tech School/Training Cent.,909,KIPLING,AVE, ,M8Z,9/18/2013,8/16/2016,,Inspection,1852,0,"909 KIPLING AVE, Toronto, ON",-79.5330329,43.6377424
14 112598,0,New Building,Mixed Use/Res w Non Res,15,MERCHANTS' WHARF, , ,   ,2/3/2014,10/26/2016,,Inspection,1869.9,,"15 MERCHANTS' WHARF  , Toronto, ON",-79.3643417,43.6450775
16 114270,0,New Building,Multiple Use/Non Residential,410,BATHURST,ST, ,M5T,2/8/2016,10/20/2017,,Inspection,1873,0,"410 BATHURST ST, Toronto, ON",-79.407167,43.6541764
14 187352,0,New Building,Mixed Use/Res w Non Res,941,PROGRESS,AVE, ,M1G,7/9/2014,12/15/2014,,Inspection,1916,,"941 PROGRESS AVE, Toronto, ON",-79.2276574,43.784838
13 257546,0,New Building,University,4700,KEELE,ST, ,M3J,10/28/2013,4/8/2015,6/14/2018,Closed,1952,,"4700 KEELE ST, Toronto, ON",-79.4931653,43.7742639
12 275376,0,Building Additions/Alterations,Industrial,160,TRANSIT,RD, ,M3H,11/7/2012,3/4/2013,4/11/2017,Closed,1992,,"160 TRANSIT RD, Toronto, ON",-79.4523837,43.735193
12 165641,0,New Building,Community Hall,115,BLACK CREEK,DR, ,   ,5/2/2012,3/21/2013,,Inspection,2000,,"115 BLACK CREEK DR, Toronto, ON",-79.4819816,43.6877965
12 117088,0,New Building,Mixed Use/Res w Non Res,1030,KING,ST,W,M6K,2/3/2012,7/17/2013,,Inspection,2014,0,"1030 KING ST, Toronto, ON",-79.4159028,43.641579
16 243139,0,New Building,College/Trade/Tech School/Training Cent.,1750,FINCH,AVE,E,M2J,10/26/2016,3/12/2018,,Inspection,2038,0,"1750 FINCH AVE, Toronto, ON",-79.3495479,43.7958041
11 142921,0,New Building,Mixed Use/Res w Non Res,635,KING,ST,E,   ,3/11/2011,7/17/2012,,Inspection,2063,,"635 KING ST, Toronto, ON",-79.4017215,43.6438529
11 287641,0,New Building,Apartment Building,2200,LAKE SHORE,BLVD,W,M8V,10/5/2011,3/20/2014,,Inspection,2086,0,"2200 LAKE SHORE BLVD, Toronto, ON",-79.481972,43.6228827
16 123263,0,New Building,Apartment Building,22,JOHN,ST, ,   ,3/3/2016,4/18/2018,,Inspection,2100,,"22 JOHN ST, Toronto, ON",-79.5173868,43.7017177
15 140135,0,New Building,Multiple Use/Non Residential,130,QUEENS QUAY, ,E,M5A,4/13/2015,3/27/2018,,Inspection,2114,0,"130 QUEENS QUAY  , Toronto, ON",-79.3687904,43.6445361
13 280230,0,New Building,Long Term Care Facility,2233,KIPLING,AVE, ,M9W,12/19/2013,12/17/2014,,Inspection,2119,,"2233 KIPLING AVE, Toronto, ON",-79.5733921,43.7257365
10 216000,0,New Building,Mixed Use/Res w Non Res,591,DUNDAS,ST,E,M5T,7/9/2010,4/12/2012,11/17/2017,Closed,2195,0,"591 DUNDAS ST, Toronto, ON",-79.3608238,43.6603024
14 144636,0,Building Additions/Alterations,Industrial,4925,DUFFERIN,ST, ,M3H,4/17/2014,10/2/2014,4/26/2016,Closed,2203,,"4925 DUFFERIN ST, Toronto, ON",-79.4667286,43.7825253
12 260121,0,New Building,Retail Mall/Plaza,3757,KEELE,ST, ,M3J,10/9/2012,4/17/2013,,Inspection,2270,,"3757 KEELE ST, Toronto, ON",-79.4884921,43.757883
11 273461,0,New Building,Apartment Building,120,HARRISON GARDEN,BLVD, ,   ,9/13/2011,6/20/2013,,Inspection,2336.37,,"120 HARRISON GARDEN BLVD, Toronto, ON",-79.4031651,43.7580713
11 274541,0,New Building,Apartment Building,120,HARRISON GARDEN,BLVD, ,   ,9/14/2011,6/20/2013,,Inspection,2353,0,"120 HARRISON GARDEN BLVD, Toronto, ON",-79.4031651,43.7580713
16 249391,0,Building Additions/Alterations,Industrial Manufacturing Plant,195,STEINWAY,BLVD, ,M9W,11/9/2016,5/11/2017,,Permit Issued,2411.12,,"195 STEINWAY BLVD, Toronto, ON",-79.6273736,43.7481693
17 269706,0,New Building,Mixed Use/Res w Non Res,177,FRONT,ST,E,M5A,11/30/2017,,,Under Review ,2442,0,"177 FRONT ST, Toronto, ON",-79.3851062,43.6447063
12 236480,0,New Building,Industrial,5533,STEELES,AVE,W,M9L,8/27/2012,4/17/2013,,Inspection,2459,,"5533 STEELES AVE, Toronto, ON",-79.5600167,43.7671241
15 261547,0,New Building,Nursing Home Facility,61,FAIRFAX,CRES, ,M1L,12/7/2015,6/13/2018,,Inspection,2471,386.3,"61 FAIRFAX CRES, Toronto, ON",-79.285758,43.7159068
15 202756,0,New Building,Secondary School,2850,EGLINTON,AVE,E,M1J,8/6/2015,10/28/2016,,Inspection,2565,0,"2850 EGLINTON AVE, Toronto, ON",-79.2407096,43.7387842
18 124809,0,New Building,Mixed Use/Res w Non Res,740,DUPONT,ST, ,M6G,3/5/2018,,,Response Received,2707,0,"740 DUPONT ST, Toronto, ON",-79.4237069,43.6715017
17 103169,0,New Building,Office,95,ARROW,RD, ,M9M,1/11/2017,12/27/2017,,Inspection,2818,,"95 ARROW RD, Toronto, ON",-79.5307019,43.7416046
16 137689,0,New Building,Industrial,1040,ISLINGTON,AVE, ,M8Z,4/8/2016,3/20/2018,3/27/2018,Closed,3007.94,0,"1040 ISLINGTON AVE, Toronto, ON",-79.520648,43.6326667
13 144750,0,New Building,Mixed Use/Res w Non Res,90,HARBOUR,ST, ,   ,4/4/2013,8/17/2015,,Inspection,3113.4,1555.8,"90 HARBOUR ST, Toronto, ON",-79.3798912,43.641756
11 330588,0,New Building,Multiple Use/Non Residential,475,FRONT,ST,E,M5A,12/23/2011,12/11/2014,4/25/2017,Closed,3290,0,"475 FRONT ST, Toronto, ON",-79.3555575,43.6530127
12 292665,0,Building Additions/Alterations,Warehouse,129,FENMAR,DR, ,M9L,12/12/2012,3/6/2015,,Inspection,3519,,"129 FENMAR DR, Toronto, ON",-79.5501143,43.7595441
13 269660,0,New Building,Mixed Use/Res w Non Res,830,LANSDOWNE,AVE, ,   ,11/25/2013,9/23/2016,,Inspection,3572,,"830 LANSDOWNE AVE, Toronto, ON",-79.446926,43.6668467
17 137140,0,New Building,Multiple Use/Non Residential,81,BAY,ST, ,   ,3/31/2017,,,Under Review ,3737.8,0,"81 BAY ST, Toronto, ON",-79.3775405,43.6440033
14 257417,0,New Building,Apartment Building,255,RANEE,AVE, ,   ,11/27/2014,,,Examiner's Notice Sent,3802,0,"255 RANEE AVE, Toronto, ON",-79.4485676,43.7232634
14 257431,0,New Building,Apartment Building,255,RANEE,AVE, ,   ,11/27/2014,11/9/2017,,Inspection,3802,0,"255 RANEE AVE, Toronto, ON",-79.4485676,43.7232634
16 269471,0,New Building,Multiple Use/Non Residential,20,BRUNEL,CRT, ,   ,12/21/2016,1/11/2018,,Inspection,3870,,"20 BRUNEL CRT, Toronto, ON",-79.394499,43.639466
13 122221,0,New Building,Motel/Hotel,2,STRACHAN,AVE, ,M6K,2/20/2013,9/8/2014,,Inspection,4356,593,"2 STRACHAN AVE, Toronto, ON",-79.4102187,43.6365029
11 284988,0,New Building,Multiple Use/Non Residential,85,HARBOUR,ST, ,   ,9/30/2011,7/26/2013,2/28/2017,Closed,4363,0,"85 HARBOUR ST, Toronto, ON",-79.378838,43.6413979
16 178022,0,Building Additions/Alterations,Hospital,101,HUMBER COLLEGE,BLVD, ,M9V,6/21/2016,,,Under Review ,4554,0,"101 HUMBER COLLEGE BLVD, Toronto, ON",-79.5975211,43.7289986
17 193682,0,Building Additions/Alterations,Self-Service Storage Building,55,KELFIELD,ST, ,M9W,7/6/2017,2/27/2018,,Permit Issued,4750.1,,"55 KELFIELD ST, Toronto, ON",-79.575862,43.686627
12 166355,0,New Building,Mixed Use/Res w Non Res,475,FRONT,ST,E,M5A,5/3/2012,11/14/2014,10/18/2016,Closed,4823,,"475 FRONT ST, Toronto, ON",-79.3555575,43.6530127
15 144491,0,Building Additions/Alterations,Multiple Unit Building,4841-4881,YONGE,ST, ,M2N,4/21/2015,,,Under Review ,5361,0,"4841-4881 YONGE ST, Toronto, ON",-79.4105316,43.7625088
15 162424,0,Building Additions/Alterations,Warehouse,134,NORFINCH,DR, ,M3N,5/25/2015,,,Examiner's Notice Sent,7617,,"134 NORFINCH DR, Toronto, ON",-79.5313641,43.7630324
13 279062,0,Building Additions/Alterations,Retail Store,3401,DUFFERIN,ST, ,M6A,12/17/2013,8/18/2016,8/25/2017,Closed,7652.99,0,"3401 DUFFERIN ST, Toronto, ON",-79.4541729,43.7246843
11 230682,0,New Building,Industrial,1313,LAKE SHORE,BLVD,E,   ,6/30/2011,2/3/2016,,Inspection,9035.13,0,"1313 LAKE SHORE BLVD, Toronto, ON",-79.3175011,43.6616592
12 211627,0,Building Additions/Alterations,Industrial,1415,WESTON,RD, ,M6M,7/16/2012,2/1/2013,,Inspection,11773,,"1415 WESTON RD, Toronto, ON",-79.5029411,43.6922857
12 278080,0,Building Additions/Alterations,Retail Store,25,THE WEST MALL, , ,M9C,11/13/2012,9/30/2013,,Inspection,14306,,"25 THE WEST MALL  , Toronto, ON",-79.557183,43.6116933
16 191842,0,New Building,Multiple Use/Non Residential,1235,ORMONT,DR, ,M9L,7/15/2016,11/2/2016,12/15/2017,Closed,14595.3,0,"1235 ORMONT DR, Toronto, ON",-79.550685,43.7642221
16 120031,0,New Building,Industrial,3500,EGLINTON,AVE,W,M6M,2/24/2016,,,Response Received,15300,15300,"3500 EGLINTON AVE, Toronto, ON",-79.4870067,43.6881703
13 279581,0,Building Additions/Alterations,Recreational,1491,LAKE SHORE,BLVD,W,M6K,12/18/2013,12/14/2017,,Permit Issued,1,25.7,"1491 LAKE SHORE BLVD, Toronto, ON",-79.4437898,43.6354092
12 230546,0,New Building,Multiple Use/Non Residential,1602,THE QUEENSWAY, , ,M8Z,8/16/2012,12/10/2012,9/23/2015,Closed,1," F"")""","1602 THE QUEENSWAY  , Toronto, ON",-79.5440988,43.6185789
14 253693,0,New Building,Mixed Use/Res w Non Res,50-60,CHARLES,ST,E,M4Y,11/18/2014,11/28/2017,,Inspection,1,214,"50-60 CHARLES ST, Toronto, ON",-79.3837757,43.6695496
11 288197,0,New Building,Elementary School,30,THISTLE DOWN,BLVD, ,M9V,10/6/2011,7/31/2012,,Inspection,1,330.4,"30 THISTLE DOWN BLVD, Toronto, ON",-79.5609069,43.7363933
13 187385,0,New Building,College/Trade/Tech School/Training Cent.,203-205,HUMBER COLLEGE,BLVD, ,M9W,6/13/2013,7/15/2014,,Inspection,1,,"203-205 HUMBER COLLEGE BLVD, Toronto, ON",-79.6063196,43.7262265
14 147030,0,Building Additions/Alterations,College/Trade/Tech School/Training Cent.,205,HUMBER COLLEGE,BLVD, ,M9W,4/24/2014,,5/20/2015,Cancelled,1,,"205 HUMBER COLLEGE BLVD, Toronto, ON",-79.6082722,43.7286458
15 246701,0,New Building,Mixed Use/Res w Non Res,578,FRONT,ST,W,M5V,11/3/2015,5/28/2018,,Inspection,1,,"578 FRONT ST, Toronto, ON",-79.4006537,43.6415971
16 147600,0,New Building,Elementary School,2,CEDARCREST,BLVD, ,M4B,4/28/2016,1/30/2018,,Inspection,1,,"2 CEDARCREST BLVD, Toronto, ON",-79.2992832,43.7014672
16 217011,1,New Houses,SFD - Townhouse,1238,AVENUE,RD, ,M5N,1/26/2017,12/1/2017,,Revision Issued,1,,"1238 AVENUE RD, Toronto, ON",-79.4120014,43.7137429
17 230862,0,New Building,Hospital,1001,QUEEN,ST,W,M6J,9/11/2017,,,Refusal Notice,1,,"1001 QUEEN ST, Toronto, ON",-79.4173192,43.6430754
17 233454,0,New Building,Other,1313,LAKE SHORE,BLVD,E,   ,9/15/2017,3/7/2018,,Permit Issued,1,,"1313 LAKE SHORE BLVD, Toronto, ON",-79.3175011,43.6616592
