PERMIT_NUM,REVISION_NUM,PERMIT_TYPE,STRUCTURE_TYPE,STREET_NUM,STREET_NAME,STREET_TYPE,STREET_DIRECTION,POSTAL,APPLICATION_DATE,ISSUED_DATE,COMPLETED_DATE,STATUS,GREEN_ROOF_AREA,GREEN_ROOF_VARIATION_AREA,
10 132321,0,New Building,Apartment Building,21,RICHGROVE,DR, ,M9R,3/15/2010,3/1/2011,7/14/2017,Closed,1,348.47,
11 229770,0,New Building,Elementary School,20,COULES,CRT, ,M8W,6/29/2011,8/22/2012,,Inspection,1,370,
11 320212,0,New Building,Retail Store,50,RESOURCES,RD, ,M9P,12/2/2011,6/14/2012,1/21/2014,Closed,1,364.8,
11 324279,0,New Building,Elementary School,1,BOTHAM,RD, ,M2N,12/12/2011,10/16/2012,11/27/2013,Closed,1,460.8,
12 124719,0,New Building,Retail Store,30,IRONSIDE,CRES, ,   ,2/17/2012,5/22/2014,,Inspection,1,,
13 195531,0,New Building,Mixed Use/Res w Non Res,130,HARBOUR,ST, ,   ,6/27/2013,6/20/2018,,Inspection,1,573,
13 214855,0,Building Additions/Alterations,Multiple Unit Building,480,UNIVERSITY,AVE, ,M5G,8/1/2013,4/9/2015,,Inspection,1,538.76,
14 136120,0,Small Residential Projects,SFD - Detached,171,INDIAN,RD, ,M6R,4/1/2014,5/28/2014,9/16/2016,Closed,1,,
14 203621,0,New Building,Elementary School,6,COLONEL SAMUEL SMITH PARK,DR, ,M8V,8/8/2014,7/18/2016,,Inspection,1,663,
14 262585,0,New Building,Apartment Building,0,BONIS,AVE, ,   ,12/10/2014,4/11/2016,,Inspection,1,160.7,
14 264349,0,New Building,Mixed Use/Res w Non Res,1486,BATHURST,ST, ,M5P,12/15/2014,2/27/2018,,Inspection,1,10.4,
15 202222,0,New Building,Retail Store,415,EVANS,AVE, ,M8W,8/5/2015,8/2/2016,5/14/2018,Closed,1,753.85,
15 206321,0,Building Additions/Alterations,Multiple Use/Non Residential,2336,ST CLAIR,AVE,W,M6N,8/13/2015,,,Examiner's Notice Sent,1,641,
15 224200,0,Building Additions/Alterations,Retail Store,3401,DUFFERIN,ST, ,M6A,9/17/2015,12/20/2016,1/11/2018,Closed,1,545,
15 234807,0,Building Additions/Alterations,Elementary School,30,WESTROYAL,RD, ,M9P,10/8/2015,1/14/2016,11/8/2017,Closed,1,328,
16 103087,0,Building Additions/Alterations,Multiple Unit Building,1027,YONGE,ST, ,M4W,1/11/2016,11/15/2017,,Inspection,1,45.49,
16 116434,0,New Building,Elementary School,24,STRATHBURN,BLVD, ,M9M,2/12/2016,7/20/2016,,Inspection,1,899,
16 131374,0,Building Additions/Alterations,Elementary School,411,LAWRENCE,AVE,E,M3C,3/23/2016,1/24/2018,,Inspection,1,153.2,
16 269716,1,New Building,Library,1748,ST CLAIR,AVE,W,M6N,7/25/2018,,,Under Review ,1,90,
17 135122,0,New Building,Retail Store,42,OVERLEA,BLVD, ,M4H,3/28/2017,2/20/2018,5/31/2018,Closed,1,5528,
17 157681,0,New Building,Apartment Building,2165,LAKE SHORE,BLVD,W,M8V,5/10/2017,,,Under Review ,1,436.6,
17 252314,0,Building Additions/Alterations,Television Studio(no audience),777,KIPLING,AVE, ,M8Z,10/24/2017,1/8/2018,,Inspection,1,450,
18 159944,0,New Building,Warehouse,1395,TAPSCOTT,RD, ,   ,5/16/2018,,,Examiner's Notice Sent,1,2000,
13 203373,0,New Building,Retail Mall/Plaza,11,WILLIAM KITCHEN,RD, ,M1P,7/12/2013,1/8/2014,3/12/2015,Closed,5,6,1974.3
15 183406,0,Small Residential Projects,SFD - Detached,37,GLEN OAK,DR, ,M4E,6/30/2015,8/18/2015,,Inspection,10.31,,
17 242286,0,Small Residential Projects,SFD - Semi-Detached,115,WILLOW,AVE, ,M4E,10/3/2017,2/8/2018,7/26/2018,Closed,12.23,,
14 250520,0,New Houses,SFD - Detached,4,ASTLEY,AVE, ,M4W,11/12/2014,1/9/2015,,Inspection,12.5,,
15 150230,0,New Building,Mixed Use/Res w Non Res,94,CUMBERLAND,ST, ,M5R,5/1/2015,,,Response Received,13.1,0,
15 159182,0,New Building,Mixed Use/Res w Non Res,40,WELLESLEY,ST,E,M4Y,5/19/2015,1/24/2018,,Inspection,14.33,0,
03 141785,1,Small Residential Projects,SFD - Detached,4,SOUTH KINGSLEA,DR, ,M8Y,2/18/2010,3/25/2010,11/29/2010,Closed,18.36,,
18 183105,0,Small Residential Projects,SFD - Detached,463,BROCK,AVE, ,M6H,6/22/2018,7/11/2018,,Permit Issued,19,,
17 197737,0,Small Residential Projects,SFD - Detached,87,BABY POINT,RD, ,M6S,7/13/2017,7/31/2017,,Permit Issued,19.5,,
13 140016,0,New Building,Stadium,4700,KEELE,ST, ,M3J,3/25/2013,11/13/2013,,Inspection,20,,
15 266821,2,Small Residential Projects,SFD - Detached,260,WARREN,RD, ,M4V,4/16/2018,5/17/2018,,Revision Issued,23,,
15 147402,0,Small Residential Projects,SFD - Detached,50,HASTINGS,AVE, ,M4L,4/27/2015,6/9/2015,,Inspection,26.22,,
15 174944,0,Small Residential Projects,SFD - Semi-Detached,7 B,RELMAR,RD, ,M5P,6/16/2015,7/15/2015,12/17/2015,Closed,27.9,,
14 186513,0,New Building,Mixed Use/Res w Non Res,460,YONGE,ST, ,M4Y,7/8/2014,1/26/2017,,Inspection,30,0,
14 177417,0,Small Residential Projects,SFD - Detached,426,ONTARIO,ST, ,M5A,6/20/2014,7/18/2014,,Inspection,30.7,,
16 234454,0,New Building,Other,420,YONGE,ST, ,M5B,10/7/2016,11/3/2016,,Inspection,34,0,
18 192804,0,Small Residential Projects,SFD - Detached,77,PARKWAY,AVE, ,M6R,7/12/2018,,,Refusal Notice,35.84,,
15 123194,0,Small Residential Projects,SFD - Detached,298,SPADINA,RD, ,M5R,3/3/2015,4/15/2015,11/9/2015,Closed,35.9,,
15 123194,1,Small Residential Projects,SFD - Detached,298,SPADINA,RD, ,M5R,7/6/2015,7/16/2015,11/9/2015,Closed,35.9,,
14 224819,0,Small Residential Projects,SFD - Townhouse,315,ONTARIO,ST, ,M5A,9/19/2014,9/25/2014,3/23/2016,Closed,36.3,,
12 105190,0,New Building,Mixed Use/Res w Non Res,11,CHARLOTTE,ST, ,M5V,1/12/2012,7/28/2014,,Inspection,36.5,0,
15 174905,0,Small Residential Projects,SFD - Semi-Detached,7:00 AM,RELMAR,RD, ,M5P,6/16/2015,7/15/2015,12/17/2015,Closed,38.6,,
11 129874,0,Small Residential Projects,SFD - Detached,421,CLINTON,ST, ,M6G,2/18/2011,3/22/2011,,Inspection,41,,
13 179846,0,New Building,Mixed Use/Res w Non Res,2151-2153,LAKE SHORE,BLVD,W,M8V,6/3/2013,10/19/2015,,Inspection,50,,
14 146712,0,New Building,Apartment Building,5-Mar,ALLENBURY,GDNS, ,M2J,4/24/2014,9/14/2016,,Inspection,50,,
14 219091,0,Building Additions/Alterations,Parking Garage,20,CHARLES,ST,E,M4Y,9/9/2014,5/12/2017,,Inspection,51.2,,
11 226957,0,New Building,Apartment Building,2200,LAKE SHORE,BLVD,W,M8V,6/24/2011,9/5/2013,,Inspection,52,,
12 246672,0,Small Residential Projects,SFD - Detached,95,NORTON,AVE, ,M2N,9/14/2012,10/4/2012,12/20/2012,Closed,53.6,,
13 206962,0,New Building,Mixed Use/Res w Non Res,103,BATHURST,ST, ,   ,7/19/2013,1/7/2015,1/19/2017,Closed,55.6,0,
16 230755,0,New Building,Mixed Use/Res w Non Res,15,QUEENS QUAY, ,E,   ,9/29/2016,,,Under Review ,56,0,
16 203424,0,New Houses,SFD - Detached,7,WAXWING,PL, ,M3C,8/8/2016,3/14/2017,,Inspection,58,,
18 186008,0,Small Residential Projects,SFD - Detached,5,BROOKFIELD,RD, ,M2P,6/28/2018,7/24/2018,,Permit Issued,58.99,,
15 191104,0,New Building,Mixed Use/Res w Non Res,2221,YONGE,ST, ,M4S,7/15/2015,,,Response Received,59,0,
16 271136,0,New Building,Apartment Building,1400,KINGSTON,RD, ,M1N,12/28/2016,,,Response Received,59.13,9.13,
12 207842,0,New Building,Indoor Swimming Pool,875,MORNINGSIDE,AVE, ,   ,7/9/2012,10/29/2013,12/12/2014,Closed,60,,
13 196215,0,New Building,Apartment Building,42,CHARLES,ST,E,M4Y,6/28/2013,10/24/2016,,Inspection,60,4,
10 282856,0,Small Residential Projects,SFD - Detached,55,HARPER,AVE, ,M4T,10/22/2010,11/5/2010,10/31/2011,Closed,60.9,,
14 261921,0,New Building,Apartment Building,5365,DUNDAS,ST,W,M9B,12/9/2014,6/29/2017,,Inspection,61,0,
11 287084,0,New Building,Mixed Use/Res w Non Res,328,ADELAIDE,ST,W,M5V,10/4/2011,9/4/2013,11/13/2015,Closed,63.01,0,
16 155075,0,Small Residential Projects,SFD - Semi-Detached,44,LIPPINCOTT,ST, ,M5T,5/13/2016,6/16/2016,11/9/2016,Closed,65.42,,
11 253977,0,New Houses,SFD - Detached,85,REGAL,RD, ,M6H,8/9/2011,9/27/2011,,Inspection,66,,
13 279862,0,New Building,Multiple Use/Non Residential,135,YORKVILLE,AVE, ,M5R,12/19/2013,4/21/2017,,Inspection,70,0,
14 174105,0,New Building,Apartment Building,99,ERSKINE,AVE, ,M4P,6/15/2014,1/10/2017,,Inspection,70,0,
18 112082,0,Small Residential Projects,SFD - Townhouse,44,MASSEY,ST, ,M6J,1/31/2018,3/22/2018,,Permit Issued,70.09,,
10 300519,0,Small Residential Projects,SFD - Detached,10,PLYMBRIDGE,RD, ,M4N,11/22/2010,12/23/2010,2/6/2013,Closed,71.72,,
17 143890,0,New Building,Multiple Use/Non Residential,102,YORKVILLE,AVE, ,M5R,4/13/2017,6/26/2018,,Inspection,73.38,50.72,
14 262293,0,New Building,Apartment Building,125,PARKWAY FOREST,DR, ,M2J,12/9/2014,9/28/2017,,Permit Issued,74,0,
14 148303,0,New Building,Mixed Use/Res w Non Res,219,QUEEN,ST,W,   ,4/28/2014,6/23/2017,,Inspection,74.6,0,
14 177778,0,Small Residential Projects,SFD - Detached,20 A,SENLAC,RD, ,M2N,6/20/2014,10/1/2014,7/15/2015,Closed,74.9,,
14 267679,0,New Building,Apartment Building,1340,KINGSTON,RD, ,M1N,12/24/2014,5/11/2017,,Inspection,76.44,0,
11 322222,0,New Building,Apartment Building,34,HAZELTON,AVE, ,M5R,12/7/2011,1/19/2016,,Inspection,82,82,
12 171492,0,New Houses,SFD - Detached,360,WALMER,RD, ,M5R,5/11/2012,5/31/2012,11/2/2012,Closed,85,,
17 208554,0,New Houses,SFD - Detached,531,ARLINGTON,AVE, ,M6C,7/31/2017,11/13/2017,,Inspection,87.04,,
14 268627,0,Building Additions/Alterations,Apartment Building,995,LANSDOWNE,AVE, ,M6H,12/30/2014,2/25/2016,2/13/2017,Closed,90.81,0,
14 268476,0,Building Additions/Alterations,Apartment Building,997,LANSDOWNE,AVE, ,M6H,12/30/2014,4/7/2016,4/12/2017,Closed,90.91,0,
12 296537,0,New Building,Mixed Use/Res w Non Res,998,COLLEGE,ST, ,M6H,12/20/2012,9/30/2014,,Inspection,100,,
14 157349,0,New Building,Apartment Building,109,VAUGHAN,RD, ,M6C,5/15/2014,7/19/2018,,Inspection,107,,
12 185147,0,New Building,Mixed Use/Res w Non Res,195,DAVENPORT,RD, ,M5R,6/1/2012,1/29/2014,7/30/2018,Closed,114,,
14 206694,0,New Building,Mixed Use/Res w Non Res,1075,QUEEN,ST,E,M4M,8/14/2014,6/1/2016,,Inspection,115.2,,
14 253621,0,New Building,Multiple Use/Non Residential,55,ST GEORGE,ST, ,M5S,11/18/2014,4/27/2017,,Inspection,116.8,279.9,
12 166727,0,New Building,Mixed Use/Res w Non Res,21,GRENVILLE,ST, ,M4Y,5/4/2012,5/30/2014,12/27/2017,Closed,118,70.8,
14 266875,0,New Building,Multiple Use/Non Residential,1128,YONGE,ST, ,M4W,12/22/2014,3/9/2016,,Inspection,121.4,0,
13 127053,0,New Houses,Stacked Townhouses,1321,GERRARD,ST,E,M4L,3/1/2013,12/18/2014,,Inspection,122,,
13 127050,0,New Houses,Stacked Townhouses,1321,GERRARD,ST,E,M4L,3/1/2013,12/18/2014,,Inspection,123,,
13 231262,0,New Building,Retail Store,784,SHEPPARD,AVE,E,M2K,9/5/2013,8/23/2016,,Inspection,127,267,
18 171911,0,Building Additions/Alterations,Multiple Unit Building,1117,GERRARD,ST,E,M4M,6/5/2018,,,Examiner's Notice Sent,128,0,
13 280536,0,New Building,Mixed Use/Res w Non Res,124,PEARS,AVE, ,M5R,12/20/2013,5/4/2018,,Inspection,130.37,0,
10 243442,0,Building Additions/Alterations,Community Hall,1326,GERRARD,ST,E,M4L,8/20/2010,10/4/2010,12/13/2012,Closed,131.6,,
10 315822,0,New Building,Mixed Use/Res w Non Res,32,CAMDEN,ST, ,M5V,12/16/2010,1/18/2012,,Inspection,138.29,0,
11 180260,0,New Building,Apartment Building,15,BEVERLEY,ST, ,M5T,4/21/2011,6/22/2015,,Inspection,140,0,
12 144517,0,New Building,Mixed Use/Res w Non Res,41,OSSINGTON,AVE, ,M6J,3/28/2012,5/13/2014,,Inspection,141,0,
16 224197,0,New Building,Motel/Hotel,49,CAMDEN,ST, ,M5V,9/16/2016,,,Refusal Notice,145.6,29.6,
15 132345,0,New Building,Multiple Use/Non Residential,720,YONGE,ST, ,M4Y,3/25/2015,7/16/2015,,Inspection,150.6,,
10 275713,0,Small Residential Projects,SFD - Detached,1,MOSSOM,PL, ,M6S,10/12/2010,11/12/2010,9/12/2011,Closed,152,,
10 275713,1,Small Residential Projects,SFD - Detached,1,MOSSOM,PL, ,M6S,8/9/2011,8/15/2011,9/12/2011,Closed,152,,
14 263099,0,New Building,Apartment Building,1,LEILA,LANE, ,M6A,12/11/2014,,,Examiner's Notice Sent,157,53,
16 269716,0,New Building,Library,1748,ST CLAIR,AVE,W,M6N,12/21/2016,6/5/2017,,Inspection,159.34,0,
14 265297,0,Building Additions/Alterations,Elementary School,56,SPADINA,RD, ,M5R,12/17/2014,11/1/2016,,Inspection,160,0,
17 241140,0,New Houses,SFD - Semi-Detached,107,VIRGINIA,AVE, ,M4C,9/29/2017,10/19/2017,,Inspection,170.71,,
13 248991,0,New Building,Apartment Building,87,DAVISVILLE,AVE, ,M4S,10/10/2013,12/11/2015,,Inspection,172,0,
11 288242,0,New Building,Apartment Building,508,WELLINGTON,ST,W,M5V,10/6/2011,5/21/2013,,Inspection,175.9,,
13 273728,0,New Building,Mixed Use/Res w Non Res,1544,DUNDAS,ST,W,M6K,12/4/2013,3/3/2016,3/17/2017,Closed,180,0,
13 278994,0,Building Additions/Alterations,Multiple Unit Building,55,AVENUE,RD, ,M5R,12/17/2013,1/15/2015,,Inspection,180,0,
14 231634,0,New Building,Industrial,209,WICKSTEED,AVE, ,M4G,10/2/2014,11/16/2016,3/3/2017,Closed,180,0,
11 299749,0,New Building,Mixed Use/Res w Non Res,251,KING,ST,E,M5A,10/26/2011,2/25/2015,,Inspection,181.27,0,
12 209746,0,New Building,Mixed Use/Res w Non Res,1243,DUNDAS,ST,W,M6J,7/11/2012,8/24/2015,9/3/2015,Closed,183,,
17 276358,0,Building Additions/Alterations,Elementary School,275,DUNCAN MILL,RD, ,M3B,12/15/2017,,,Under Review ,183,,
12 106788,0,New Building,Club,1901,MOUNT PLEASANT,RD, ,M4N,1/16/2012,6/5/2012,3/9/2015,Closed,184.9,304.3,
15 228503,0,New Building,Apartment Building,32-50,FOREST MANOR,RD, ,M2J,9/25/2015,7/17/2018,,Inspection,186,,
16 143140,0,New Building,Mixed Use/Res w Non Res,2114,BLOOR,ST,W,   ,4/20/2016,5/11/2018,,Inspection,186.1,0,
16 211134,0,New Building,Mixed Use/Res w Non Res,233,COLLEGE,ST, ,M5T,8/22/2016,,,Under Review ,188.88,0,
15 219396,0,New Building,Apartment Building,646,KINGSTON,RD, ,M4E,9/8/2015,6/30/2017,6/14/2018,Closed,190,,
11 245016,0,New Building,Apartment Building,2490,BLOOR,ST,W,M6S,7/25/2011,4/4/2014,,Inspection,191.6,,
13 228385,0,New Building,Apartment Building,68,MERTON,ST, ,M4S,8/29/2013,7/24/2015,,Inspection,194.7,0,
13 243000,0,New Building,Mixed Use/Res w Non Res,365,CHURCH,ST, ,M5B,9/27/2013,10/7/2016,,Inspection,195.13,0,
12 265687,0,Building Additions/Alterations,Retail Store,1475,THE QUEENSWAY, , ,M8Z,10/19/2012,6/28/2013,,Inspection,196.3,,
18 102429,0,New Building,Mixed Use/Res w Non Res,1177,DANFORTH,AVE, ,M4J,1/8/2018,,,Examiner's Notice Sent,197,0,
17 174937,0,Building Additions/Alterations,Multiple Use/Non Residential,35,MC CAUL,ST, ,M5T,6/7/2017,,,Under Review ,199.3,0,
13 273353,1,New Building,Mixed Use/Res w Non Res,181,DAVENPORT,RD, ,M5R,4/13/2016,10/11/2016,,Revision Issued,200,0,
14 125945,0,New Building,Mixed Use/Res w Non Res,1990,BLOOR,ST,W,M6P,3/7/2014,11/23/2016,,Inspection,202,0,
13 164224,0,New Building,Mixed Use/Res w Non Res,927 A,EGLINTON,AVE,W,M6C,5/7/2013,4/4/2017,,Inspection,204.5,0,
15 180300,0,Small Residential Projects,SFD - Detached,11,BEAUMONT,RD, ,M4W,6/24/2015,10/29/2015,,Inspection,208,,
13 195524,0,New Building,Office,91-97,ARROW,RD, ,M9M,6/27/2013,11/13/2013,3/26/2015,Closed,211,,
17 279968,0,New Building,Home for the Aged,1155,ALBION,RD, ,M9V,12/28/2017,,,Under Review ,213.27,,
16 219898,0,New Building,Multiple Use/Non Residential,1914,AVENUE,RD, ,M5M,9/8/2016,,,Under Review ,216.8,0,
13 280734,0,Building Additions/Alterations,Multiple Use/Non Residential,571,JARVIS,ST, ,M4Y,12/20/2013,12/1/2015,,Inspection,219,,
11 327513,0,New Building,Apartment Building,2200,LAKE SHORE,BLVD,W,M8V,12/16/2011,10/25/2013,,Inspection,220,0,
15 268063,0,New Building,Mixed Use/Res w Non Res,663,KINGSTON,RD, ,M4E,12/22/2015,12/1/2017,,Inspection,220,0,
17 157021,0,New Building,Mixed Use/Res w Non Res,900,ST CLAIR,AVE,W,M6C,5/9/2017,,,Response Received,223.77,0,
16 189230,0,Building Additions/Alterations,Office,40,KING,ST,W,M5H,7/12/2016,8/8/2016,12/7/2016,Closed,226.3,0,
12 113376,0,Building Additions/Alterations,Apartment Building,52,SUMACH,ST, ,M5A,1/27/2012,12/18/2012,,Inspection,227.29,0,
13 122967,0,Building Additions/Alterations,Multiple Use/Non Residential,141,ADELAIDE,ST,W,M5H,2/21/2013,4/2/2013,1/9/2017,Closed,229.86,,
14 216875,0,New Building,Mixed Use/Res w Non Res,2522,KEELE,ST, ,M6L,9/4/2014,3/17/2017,,Inspection,230,,
15 259197,0,New Building,Mixed Use/Res w Non Res,1884,QUEEN,ST,E,   ,12/1/2015,,,Under Review ,230.68,0,
13 262599,0,New Building,Apartment Building,16,MCADAM,AVE, ,   ,11/7/2013,10/27/2016,,Inspection,232.28,,
13 262554,0,New Building,Parking Garage,16,MCADAM,AVE, ,   ,11/7/2013,12/9/2016,,Inspection,232.38,0,
17 249532,0,New Building,Mixed Use/Res w Non Res,1630,QUEEN,ST,E,M4L,10/18/2017,,,Refusal Notice,234,0,
12 296750,0,Building Additions/Alterations,Multiple Use/Non Residential,40,ADELAIDE,ST,W,M5H,12/20/2012,11/18/2013,1/17/2017,Closed,236,163.9,
16 108693,0,New Building,Apartment Building,24,HOWARD,ST, ,   ,1/26/2016,1/17/2017,,Inspection,236.76,0,
13 273353,0,New Building,Mixed Use/Res w Non Res,181,DAVENPORT,RD, ,M5R,12/3/2013,10/13/2015,,Inspection,238,0,
14 245186,1,New Houses,SFD - Detached,21,EVERGREEN,GDNS, ,M4G,12/17/2014,1/8/2015,3/23/2016,Closed,238,,
14 165292,0,New Building,Other,55,MAC FROST,WAY, ,M1X,5/30/2014,9/19/2014,10/27/2015,Closed,238.95,238.95,
11 310205,0,New Building,Multiple Use/Non Residential,30,BERTRAND,AVE, ,M1L,11/15/2011,7/17/2012,3/25/2014,Closed,240.52,140.52,
12 109230,0,New Building,Multiple Use/Non Residential,41,LEBOVIC,AVE, ,   ,1/20/2012,7/30/2012,4/25/2013,Closed,243,,
15 108034,0,New Building,Office,0,SHEPPARD,AVE,E,   ,1/23/2015,12/5/2016,,Inspection,243,0,
16 118117,0,New Building,Mixed Use/Res w Non Res,1331,YONGE,ST, ,M4T,2/18/2016,,,Under Review ,245.6,0,
14 203424,0,New Building,Mixed Use/Res w Non Res,829,ST CLAIR,AVE,W,M6C,8/8/2014,4/14/2016,,Inspection,247,,
14 249369,0,New Building,Mixed Use/Res w Non Res,241,JARVIS,ST, ,M5B,11/7/2014,,,Under Review ,247,211,
11 293926,0,New Building,Apartment Building,68,CANTERBURY,PL, ,   ,10/17/2011,1/21/2013,4/19/2016,Closed,248,227,
14 231152,0,New Building,Recreational,3246,LAKE SHORE,BLVD,W,M8V,10/2/2014,3/23/2016,,Inspection,250,0,
12 124662,0,New Building,Apartment Building,102,SHUTER,ST, ,M5A,2/17/2012,6/8/2015,8/11/2017,Closed,252,,
14 126703,0,New Building,Apartment Building,90,NIAGARA,ST, ,M5V,3/10/2014,6/14/2018,,Inspection,252,0,
15 169372,0,New Building,Apartment Building,223,ST CLAIR,AVE,W,M4V,6/5/2015,6/22/2016,,Inspection,252.07,27,
13 242422,0,New Building,Mixed Use/Res w Non Res,431,RICHMOND,ST,W,M5V,9/26/2013,3/24/2016,,Inspection,252.28,0,
16 201943,0,New Building,Mixed Use/Res w Non Res,593,YONGE,ST, ,M4Y,8/5/2016,,,Under Review ,255.25,185.15,
14 258677,0,New Building,Apartment Building,1346,KINGSTON,RD, ,M1N,12/1/2014,5/9/2018,,Inspection,255.53,,
14 246853,0,New Building,Mixed Use/Res w Non Res,836,YONGE,ST, ,M4W,11/3/2014,6/19/2018,,Inspection,257,,
11 329274,0,Building Additions/Alterations,Multiple Use/Non Residential,2300,YONGE,ST, ,M4P,12/21/2011,1/29/2013,,Inspection,257.58,,
15 143686,0,New Building,Other,2451,BIRCHMOUNT,RD, ,   ,4/20/2015,11/24/2016,,Permit Issued,260,,
14 266247,0,New Building,Apartment Building,2800,BLOOR,ST,W,M8X,12/19/2014,5/23/2018,,Permit Issued,262.19,0,
10 299666,0,New Building,Mixed Use/Res w Non Res,2,EASTERN,AVE, ,M5A,11/19/2010,10/17/2011,,Inspection,263.4,0,
15 222772,0,Building Additions/Alterations,Industrial,51,GRAND MARSHALL,DR, ,M1B,9/15/2015,11/22/2016,4/18/2018,Closed,266,,
10 155366,0,Building Additions/Alterations,Office,200,KING,ST,W,M5H,4/20/2010,5/19/2010,6/9/2015,Closed,270,0,
10 155781,0,Building Additions/Alterations,Secondary School,2365,BAYVIEW,AVE, ,M2L,4/20/2010,8/6/2010,,Inspection,275,0,
16 270372,0,New Building,Apartment Building,1185,EGLINTON,AVE,E,M3C,12/23/2016,,,Response Received,275,1183,
14 208554,0,Building Additions/Alterations,Office,27,FASKEN,DR, ,M9W,8/19/2014,4/17/2015,,Inspection,275.2,,
11 330105,0,New Building,Mixed Use/Res w Non Res,1205,QUEEN,ST,W,M6K,12/22/2011,1/9/2014,,Inspection,277.32,0,
11 216050,0,New Building,Mixed Use/Res w Non Res,224,KING,ST,W,   ,6/10/2011,12/19/2013,11/23/2016,Closed,277.33,0,
14 209528,0,New Building,Place of Worship,733,BIRCHMOUNT,RD, ,M1K,8/20/2014,5/20/2016,,Inspection,278.86,278.86,
13 239910,0,New Building,Mixed Use/Res w Non Res,1093,QUEEN,ST,W,M6J,9/23/2013,11/10/2015,,Inspection,280.6,0,
13 148751,0,New Building,Apartment Building,591,DUNDAS,ST,E,M5T,4/11/2013,8/29/2013,,Inspection,281,,
17 154652,0,New Building,Apartment Building,144,BERRY,RD, ,M8Y,5/5/2017,,,Under Review ,290,0,
17 158012,0,New Building,Mixed Use/Res w Non Res,2301,DANFORTH,AVE, ,M4C,5/11/2017,,,Under Review ,290,0,
17 250987,0,New Building,Mixed Use/Res w Non Res,143,AVENUE,RD, ,M5R,10/20/2017,,,Refusal Notice,290.68,0,
13 147105,0,New Building,Mixed Use/Res w Non Res,1960,QUEEN,ST,E,M4L,4/9/2013,7/3/2014,9/9/2016,Closed,296,0,
10 131477,0,New Building,Apartment Building,5101,DUNDAS,ST,W,   ,3/12/2010,8/16/2012,1/7/2015,Closed,300,,
11 294699,0,New Building,Apartment Building,132,BERKELEY,ST, ,M5A,10/18/2011,1/22/2013,3/8/2017,Closed,300,,
17 126583,0,Building Additions/Alterations,Place of Worship,80,BRYDON,DR, ,M9W,3/9/2017,1/24/2018,,Permit Issued,301,0,
14 169786,0,New Building,Mixed Use/Res w Non Res,68,SHUTER,ST, ,M5B,6/6/2014,1/28/2015,8/16/2017,Closed,302,,
11 331561,1,New Building,Mixed Use/Res w Non Res,56,BLUE JAYS,WAY, ,M5V,4/2/2015,5/20/2016,,Revision Issued,303.5,94,
15 236812,0,Building Additions/Alterations,Elementary School,215,LIVINGSTON,RD, ,M1E,10/13/2015,7/19/2016,,Inspection,308.6,0,
17 220797,0,New Building,Mixed Use/Res w Non Res,2376,DUNDAS,ST,W,M6P,8/22/2017,,,Response Received,313.92,0,
17 126828,0,New Building,Apartment Building,18,ERSKINE,AVE, ,M4P,3/9/2017,,,Under Review ,315.9,,
16 169317,0,New Building,Apartment Building,609,AVENUE,RD, ,M4V,6/7/2016,7/26/2018,,Permit Issued,316.2,0,
14 260744,0,New Building,Apartment Building,2,LAIRD,DR, ,M4G,12/5/2014,6/16/2017,,Inspection,320,0,
14 260855,0,New Building,Parking Garage,2,LAIRD,DR, ,M4G,12/5/2014,10/30/2017,,Inspection,320,,
18 191444,0,New Building,Self-Service Storage Building,55,BRIDGELAND,AVE, ,M6A,7/10/2018,,,Examiner's Notice Sent,320,,
14 179367,0,New Building,Apartment Building,282,ST CLAIR,AVE,W,M4V,6/24/2014,8/10/2015,7/31/2018,Closed,320.68,0,
14 128260,0,New Building,Mixed Use/Res w Non Res,1088,KINGSTON,RD, ,M1N,3/13/2014,12/7/2016,,Inspection,320.9,0,
11 218683,0,New Building,Industrial,3115,MARKHAM,RD, ,   ,6/14/2011,10/31/2011,4/2/2013,Closed,324,0,
13 215227,0,New Building,Mixed Use/Res w Non Res,856,DUNDAS,ST,W,M6J,8/2/2013,5/7/2014,,Inspection,325,,
13 281473,0,New Building,Mixed Use/Res w Non Res,327,ROYAL YORK,RD, ,M8Y,12/27/2013,,,Under Review ,325,0,
14 159180,0,New Building,Mixed Use/Res w Non Res,1230,DUNDAS,ST,E,M4M,5/21/2014,5/17/2016,,Inspection,328,,
14 266401,0,New Building,Mixed Use/Res w Non Res,324,RICHMOND,ST,W,M5V,12/19/2014,,,Under Review ,330,0,
10 222037,0,New Building,Mixed Use/Res w Non Res,40,DOVERCOURT,RD, ,   ,7/16/2010,9/11/2012,,Inspection,336,,
13 279564,0,New Building,Crematorium/Cemetary Structure,5830,BATHURST,ST, ,M2R,12/18/2013,3/13/2015,7/7/2017,Closed,336,,
14 246981,0,New Building,Mixed Use/Res w Non Res,109-111,OSSINGTON,AVE, ,M6J,11/3/2014,10/24/2017,12/6/2017,Closed,336,0,
13 131614,0,New Building,Mixed Use/Res w Non Res,40,SCOTT,ST, ,   ,3/12/2013,4/5/2016,,Inspection,340.97,0,
12 119084,0,New Building,Apartment Building,3018,YONGE,ST, ,M4N,2/8/2012,4/1/2016,,Inspection,342,0,
14 241284,0,New Building,Apartment Building,2384,YONGE,ST, ,M4P,10/22/2014,6/7/2017,,Inspection,348,0,
11 330479,0,New Building,Mixed Use/Res w Non Res,760,THE QUEENSWAY, , ,M8Z,12/23/2011,6/4/2014,9/5/2017,Closed,349,,
16 178139,0,New Building,Multiple Use/Non Residential,5930,FINCH,AVE,E,M1B,6/21/2016,2/3/2017,,Inspection,349.5,349.5,
15 251842,0,New Building,Multiple Use/Non Residential,144,BERRY,RD, ,M8Y,11/16/2015,1/26/2017,,Inspection,350,0,
12 180974,0,New Building,Mixed Use/Res w Non Res,290,ADELAIDE,ST,W,M5V,5/28/2012,7/7/2014,,Inspection,350.7,0,
16 118607,0,New Building,Multiple Use/Non Residential,491,COLLEGE,ST, ,M6G,2/19/2016,7/5/2017,,Inspection,353,,
11 312940,0,New Building,Apartment Building,8,GLADSTONE,AVE, ,M6J,11/21/2011,11/13/2012,,Inspection,356,0,
15 137670,0,New Building,Other,1300,WILSON,AVE, ,M3M,4/8/2015,12/31/2015,,Inspection,358,0,
10 292819,0,New Building,"Transit Station,Subway, Bus Terminal",120,IAN MACDONALD,BLVD, ,   ,11/8/2010,6/16/2017,,Inspection,360,190.5,
12 129679,0,New Building,Apartment Building,36,PARK LAWN,RD, ,M8Y,2/29/2012,11/2/2015,11/16/2016,Closed,361.12,0,
14 133054,0,New Houses,SFD - Detached,12,FARRELL,AVE, ,M2R,3/25/2014,4/25/2014,5/1/2015,Cancelled,362.41,,
13 173169,0,New Building,Mixed Use/Res w Non Res,1451,BATHURST,ST, ,M5R,5/23/2013,1/12/2018,,Inspection,365,0,
17 156469,0,New Building,Mixed Use/Res w Non Res,2359,DANFORTH,AVE, ,M4C,5/9/2017,,,Refusal Notice,365,0,
14 128197,0,New Building,Mixed Use/Res w Non Res,270,SPADINA,AVE, ,M5T,3/13/2014,5/28/2015,,Inspection,366,0,
15 231555,0,New Building,Mixed Use/Res w Non Res,1878,QUEEN,ST,E,M4L,10/1/2015,4/27/2018,,Inspection,368,,
11 234821,0,Building Additions/Alterations,Office,333,KING,ST,E,M5A,7/8/2011,10/27/2011,7/24/2013,Closed,371,554,
09 176602,1,New Building,University,97,ST GEORGE,ST, ,M5S,12/6/2010,2/11/2011,,Revision Issued,375,0,
17 112433,0,New Building,Mixed Use/Res w Non Res,40,MC CAUL,ST, ,   ,2/2/2017,,,Response Received,377,0,
13 267339,0,New Building,Mixed Use/Res w Non Res,188,CUMBERLAND,ST, ,   ,11/19/2013,6/22/2017,,Inspection,378,0,
11 331342,0,New Building,Elementary School,29,MEADOWVALE,RD, ,M1C,12/28/2011,3/19/2012,10/11/2013,Closed,379.2,0,
11 319306,0,New Building,Apartment Building,32,DAVENPORT,RD, ,M5R,12/1/2011,10/22/2013,,Inspection,380,0,
13 275759,0,New Building,Other,362,WALLACE,AVE, ,   ,12/11/2013,6/5/2017,,Inspection,385,0,
12 223573,0,New Building,Mixed Use/Res w Non Res,13,SUPERIOR,AVE, ,M8V,8/2/2012,12/17/2013,,Inspection,387,0,
14 231616,0,New Building,Multiple Use/Non Residential,209,WICKSTEED,AVE, ,M4G,10/2/2014,7/22/2015,1/27/2016,Closed,387.03,,
12 107739,0,New Building,Mixed Use/Res w Non Res,60,JOHN,ST, ,M9N,1/18/2012,6/11/2014,,Inspection,388.54,88.79,
11 108543,0,New Building,Apartment Building,85,THE DONWAY, ,W,   ,1/18/2011,10/10/2012,,Inspection,390,0,
12 261353,0,New Building,Apartment Building,66,ISABELLA,ST, ,M4Y,10/11/2012,1/29/2014,,Inspection,392,0,
16 248931,0,Building Additions/Alterations,Multiple Unit Building,700,BAY,ST, ,M5G,11/9/2016,6/22/2018,,Inspection,393,0,
14 265842,0,New Building,Apartment Building,200,SACKVILLE,ST, ,   ,12/18/2014,10/4/2017,,Inspection,393.3,0,
13 281900,0,New Building,Apartment Building,129,ST CLAIR,AVE,W,M4V,12/30/2013,,,Response Received,396,439,
12 109234,0,New Building,Apartment Building,3563,LAKE SHORE,BLVD,W,M8W,1/20/2012,9/17/2013,1/22/2015,Closed,397,,
11 331561,0,New Building,Mixed Use/Res w Non Res,56,BLUE JAYS,WAY, ,M5V,12/29/2011,8/26/2014,,Inspection,397.5,278.64,
16 142979,0,New Building,Multiple Use/Non Residential,1130,BATHURST,ST, ,M5R,4/19/2016,8/15/2016,,Inspection,400,,
16 173117,0,New Building,Mixed Use/Res w Non Res,181,DUNDAS,ST,E,M5A,6/13/2016,7/4/2017,,Inspection,400,0,
16 253822,0,New Building,Mixed Use/Res w Non Res,387,BLOOR,ST,E,M4W,11/21/2016,,,Under Review ,401,0,
14 257790,0,New Building,Mixed Use/Res w Non Res,355,CHURCH,ST, ,M5B,11/28/2014,12/22/2016,,Inspection,402,0,
11 223813,0,Building Additions/Alterations,Recreational,1073,MILLWOOD,RD, ,M4G,6/21/2011,4/26/2012,,Inspection,404,0,
14 210021,0,New Building,Other,777,DUNDAS,ST,E,   ,8/21/2014,2/13/2015,,Inspection,404,0,
12 200240,0,New Building,Apartment Building,0,BONIS,AVE, ,   ,6/26/2012,11/6/2014,,Inspection,407,365.9,
12 109059,0,New Building,Library,170,FORT YORK,BLVD, ,   ,1/20/2012,8/30/2012,,Inspection,408.5,0,
14 183525,0,New Building,Community Hall,1030,MCNICOLL,AVE, ,M1W,7/2/2014,7/30/2014,8/26/2015,Closed,414,0,
13 163492,0,Building Additions/Alterations,Apartment Building,133,WILTON,ST, ,M5A,5/7/2013,7/3/2013,,Inspection,426,,
13 238779,0,New Building,Multiple Use/Non Residential,5298,DUNDAS,ST,W,M9B,9/19/2013,10/30/2014,10/3/2017,Closed,427,0,
11 319757,0,New Building,Mixed Use/Res w Non Res,17,GLEBE,RD,W,M5P,12/2/2011,3/19/2014,,Inspection,429.78,0,
11 201329,0,New Building,Restaurant Greater Than 30 Seats,30,IRONSIDE,CRES, ,   ,5/24/2011,3/5/2015,,Inspection,431.5,0,
14 142189,0,New Building,Apartment Building,383,SORAUREN,AVE, ,M6R,4/14/2014,1/6/2016,,Inspection,433.5,,
13 249371,0,New Building,Apartment Building,108,BALLIOL,ST, ,M4S,10/10/2013,12/11/2015,,Inspection,435,0,
13 190716,0,New Building,Mixed Use/Res w Non Res,297,COLLEGE,ST, ,M5T,6/19/2013,4/21/2015,2/5/2018,Closed,444,0,
11 327297,0,New Building,Apartment Building,54,BERWICK,AVE, ,M5P,12/16/2011,2/14/2014,,Inspection,445,0,
12 283532,0,New Building,Apartment Building,48,ABELL,ST, ,M6J,11/22/2012,12/11/2017,,Permit Issued,447,,
15 224973,0,New Houses,SFD - Detached,114,KINGSDALE,AVE, ,M2N,9/18/2015,10/21/2015,,Inspection,460.15,,
16 234974,0,New Building,"Transit Station,Subway, Bus Terminal",1,IBMS WARD 26 - NORTH YORK, , ,   ,10/8/2016,,,Under Review ,461.7,461.7,
16 260605,0,New Building,Mixed Use/Res w Non Res,1401,O'CONNOR,DR, ,M4B,12/6/2016,,,Examiner's Notice Sent,467.1,0,
17 269959,0,New Building,Mixed Use/Res w Non Res,65,ANNIE CRAIG,DR, ,   ,12/1/2017,,,Under Review ,470,192.66,
11 221432,0,New Building,Mixed Use/Res w Non Res,199,RICHMOND,ST,W,M5V,6/24/2011,,,Issuance Pending,473,0,
12 154305,0,Building Additions/Alterations,College/Trade/Tech School/Training Cent.,930,WARDEN,AVE, ,M1L,4/16/2012,6/26/2013,9/25/2014,Closed,473,,
12 221439,0,New Building,Mixed Use/Res w Non Res,199,RICHMOND,ST,W,M5V,7/31/2012,3/5/2015,,Inspection,473,0,
13 272728,0,Building Additions/Alterations,Secondary School,443,MOUNT PLEASANT,RD, ,M4S,12/2/2013,4/1/2016,11/14/2017,Closed,473.1,0,
15 143919,0,New Building,Mixed Use/Res w Non Res,186,JARVIS,ST, ,M5B,4/20/2015,3/29/2017,,Inspection,473.34,0,
11 234039,0,New Building,Mixed Use/Res w Non Res,117,PETER,ST, ,M5V,7/7/2011,7/22/2013,11/29/2017,Closed,475,0,
13 268799,0,New Building,Mixed Use/Res w Non Res,138,ST HELEN'S,AVE, ,M6H,11/22/2013,12/19/2017,,Inspection,475,,
12 183901,0,New Building,Mixed Use/Res w Non Res,18,REAN,DR, ,M2K,5/31/2012,9/18/2013,,Inspection,477,,
16 268347,0,New Building,Mixed Use/Res w Non Res,51,EAST LIBERTY,ST, ,   ,12/19/2016,,,Response Received,478,,
13 279800,0,New Houses,SFD - Detached,24,WEDGEWOOD,DR, ,M2M,12/19/2013,1/9/2014,1/11/2017,Closed,486.86,,
11 311907,0,New Building,Apartment Building,130,GEORGE HENRY,BLVD, ,M2J,11/18/2011,5/9/2014,,Inspection,489,0,
14 250299,0,New Building,Apartment Building,125,GEORGE HENRY,BLVD, ,   ,11/12/2014,4/10/2018,,Permit Issued,489,,
14 223706,0,Building Additions/Alterations,Other,361 A,OLD FINCH,AVE, ,M1B,9/17/2014,2/19/2015,,Inspection,489.12,,
13 123611,0,New Building,Mixed Use/Res w Non Res,51,EAST LIBERTY,ST, ,   ,2/22/2013,7/21/2014,,Inspection,492,,
13 245084,0,New Building,Mixed Use/Res w Non Res,87,PETER,ST, ,   ,10/2/2013,3/28/2017,,Inspection,495,0,
14 207315,0,New Building,Other,60,COLBORNE,ST, ,   ,8/15/2014,2/13/2017,,Inspection,496.58,0,
11 327014,0,New Building,Apartment Building,707,DOVERCOURT,RD, ,M6H,12/16/2011,12/12/2012,,Inspection,497,,
14 172874,0,New Building,Apartment Building,571,DUNDAS,ST,W,M5T,6/12/2014,3/31/2017,9/26/2017,Closed,497,0,
13 214460,0,New Building,Apartment Building,9,VALHALLA INN,RD, ,   ,8/1/2013,7/30/2015,,Inspection,498,0,
13 196385,0,New Building,Mixed Use/Res w Non Res,24,HOWARD PARK,AVE, ,M6R,6/28/2013,4/7/2015,,Inspection,500,0,
12 246001,0,New Building,Mixed Use/Res w Non Res,318,RICHMOND,ST,W,M5V,9/13/2012,9/4/2014,,Inspection,501.75,11.35,
16 270387,0,New Building,Community Hall,100,WOODSY PARK,LANE, ,   ,12/23/2016,,,Response Received,502,0,
11 330642,0,New Building,Apartment Building,475,FRONT,ST,E,M5A,12/23/2011,3/11/2014,5/18/2017,Closed,504,,
13 229440,0,New Building,Mixed Use/Res w Non Res,2281,YONGE,ST, ,M4P,9/3/2013,,,Under Review ,508.22,977.31,
11 329361,0,New Building,Mixed Use/Res w Non Res,783,BATHURST,ST, ,M5S,12/21/2011,12/23/2013,,Inspection,508.38,,
17 146470,0,New Building,Car Dealership,630,KIPLING,AVE, ,M8Z,4/20/2017,7/21/2017,,Inspection,511.82,0,
17 146470,1,New Building,Car Dealership,630,KIPLING,AVE, ,M8Z,11/17/2017,7/24/2018,,Revision Issued,511.82,0,
14 255836,0,New Building,Mixed Use/Res w Non Res,11,WELLESLEY,ST,W,   ,11/24/2014,,,Examiner's Notice Sent,514,0,
15 220175,0,New Building,Mixed Use/Res w Non Res,604,RICHMOND,ST,W,M5V,9/9/2015,9/18/2017,,Inspection,514,0,
16 166105,0,New Building,Multiple Use/Non Residential,60,ATLANTIC,AVE, ,M6K,6/1/2016,11/22/2017,,Inspection,520,0,
17 143336,0,New Building,Apartment Building,200,MADISON,AVE, ,M4V,4/12/2017,,,Response Received,522.6,0,
16 238098,0,New Building,Mixed Use/Res w Non Res,1985,YONGE,ST, ,M4S,10/17/2016,,,Refusal Notice,523,0,
11 132392,0,New Building,Restaurant Greater Than 30 Seats,3895,MCNICOLL,AVE, ,   ,2/24/2011,3/25/2014,,Inspection,523.6,0,
13 173674,0,New Building,Mixed Use/Res w Non Res,10,PARK LAWN,RD, ,M8Y,5/24/2013,8/22/2016,,Inspection,524,0,
15 151323,0,New Building,Mixed Use/Res w Non Res,592,SHERBOURNE,ST, ,M4X,5/4/2015,12/9/2016,,Inspection,524.2,0,
15 232712,0,Building Additions/Alterations,Multiple Use/Non Residential,3080,YONGE,ST, ,M4N,10/5/2015,7/4/2017,,Inspection,526.7,0,
13 256626,0,Building Additions/Alterations,University,78,QUEEN'S PARK, , ,M5S,10/25/2013,3/24/2015,,Inspection,528,0,
14 237565,0,New Building,Apartment Building,183,ROEHAMPTON,AVE, ,M4P,10/15/2014,2/27/2018,,Inspection,528.5,0,
14 231200,0,New Building,College/Trade/Tech School/Training Cent.,3155,LAKE SHORE,BLVD,W,   ,10/2/2014,10/7/2015,,Inspection,530,0,
13 108330,0,New Building,Apartment Building,80,ESTHER LORRIE,DR, ,   ,1/18/2013,9/26/2014,5/2/2016,Closed,534,,
14 245143,1,New Houses,SFD - Detached,21,EVERGREEN,GDNS, ,M4G,12/17/2014,1/8/2015,3/23/2016,Closed,536,,
11 330653,0,New Building,Mixed Use/Res w Non Res,475,FRONT,ST,E,M5A,12/23/2011,3/11/2014,5/19/2017,Closed,540,0,
14 259634,0,New Building,Mixed Use/Res w Non Res,25,RICHMOND,ST,E,M5C,12/3/2014,,,Response Received,540,0,
16 270269,0,New Building,Mixed Use/Res w Non Res,30,MUTUAL,ST, ,   ,12/22/2016,,,Under Review ,542,128.8,
15 266534,0,New Building,Apartment Building,15,KENASTON,GDNS, ,M2K,12/17/2015,1/18/2018,,Inspection,543,,
14 138062,0,New Houses,SFD - Detached,86,PLYMBRIDGE,RD, ,M2P,4/4/2014,5/7/2014,,Inspection,551.4,,
15 153872,0,New Building,Apartment Building,95,BROADWAY,AVE, ,M4P,5/8/2015,,,Under Review ,560,0,
16 145537,0,New Building,Multiple Use/Non Residential,308,QUEEN,ST,W,   ,4/25/2016,,,Response Received,560,0,
12 174758,0,New Building,Apartment Building,4180,DUNDAS,ST,W,M8X,5/16/2012,1/15/2014,1/26/2015,Closed,568,,
13 256237,0,New Building,Apartment Building,1001,SHEPPARD,AVE,E,M2K,10/25/2013,8/1/2017,,Inspection,570,1086,
13 119998,0,New Building,Multiple Use/Non Residential,300,SILVER STAR,BLVD, ,   ,2/14/2013,6/12/2014,,Inspection,574,,
12 140070,0,New Building,Apartment Building,2,OLD MILL,DR, ,M6S,3/21/2012,11/6/2014,,Inspection,578.4,0,
14 174102,0,New Building,Apartment Building,88,ERSKINE,AVE, ,M4P,6/15/2014,12/22/2015,,Inspection,580,,
10 286777,0,New Building,Apartment Building,1,VALHALLA INN,RD, ,M9B,10/28/2010,7/25/2012,,Inspection,581.5,0,
17 189372,0,New Building,Multiple Use/Non Residential,480,YONGE,ST, ,M4Y,6/28/2017,,,Under Review ,584.2,143.4,
12 235082,0,New Building,Mixed Use/Res w Non Res,70,TEMPERANCE,ST, ,   ,8/24/2012,8/9/2013,10/3/2017,Closed,587,,
14 262832,0,New Building,Mixed Use/Res w Non Res,2183,LAKE SHORE,BLVD,W,M8V,12/10/2014,,,Under Review ,590.2,0,
11 236661,0,New Building,Apartment Building,72,ESTHER SHINER,BLVD, ,   ,7/12/2011,10/25/2013,8/29/2016,Closed,591,,
17 157555,0,New Building,Mixed Use/Res w Non Res,77,MUTUAL,ST, ,M5B,5/10/2017,,,Refusal Notice,591,0,
11 276573,0,New Building,Mixed Use/Res w Non Res,75,IANNUZZI,ST, ,   ,9/16/2011,5/31/2013,,Inspection,593.93,0,
14 245630,0,New Building,Apartment Building,1340,DANFORTH,RD, ,M1J,10/30/2014,1/19/2017,,Inspection,600,0,
13 237742,0,New Building,Mixed Use/Res w Non Res,197,YONGE,ST, ,M5B,9/18/2013,,,Response Received,606.748,,
11 327064,0,New Building,Apartment Building,210,SIMCOE,ST, ,   ,12/16/2011,10/23/2013,,Inspection,607.69,,
18 139187,0,New Building,Self-Service Storage Building,69,TORBARRIE,RD, ,M3L,4/5/2018,7/20/2018,,Permit Issued,609,,
14 223706,1,Building Additions/Alterations,Other,361 A,OLD FINCH,AVE, ,M1B,8/26/2015,10/27/2015,,Revision Issued,610.19,0,
15 239795,0,Building Additions/Alterations,Multiple Use/Non Residential,201,GUILDWOOD,PKWY, ,M1E,10/20/2015,12/6/2016,,Inspection,611.5,,
10 115481,0,New Building,Mixed Use/Res w Non Res,510,KING,ST,E,M5A,2/8/2010,6/18/2012,,Inspection,615,0,
16 253042,0,New Building,Mixed Use/Res w Non Res,875,QUEEN,ST,E,M4M,11/18/2016,,,Under Review ,615.12,134.876,
16 268553,0,New Building,Apartment Building,2205,SHEPPARD,AVE,E,M2J,12/19/2016,,,Under Review ,616,0,
10 240746,0,New Building,Mixed Use/Res w Non Res,295,ADELAIDE,ST,W,M5V,8/17/2010,6/21/2013,,Inspection,620,,
14 257764,0,New Building,Elementary School,59,CLEMENT,RD, ,M9R,11/28/2014,4/30/2015,1/17/2017,Closed,620,0,
12 296723,0,New Building,Apartment Building,299,ROEHAMPTON,AVE, ,M4P,12/20/2012,4/15/2014,2/18/2016,Closed,620.9,,
14 126064,0,Building Additions/Alterations,Multiple Use/Non Residential,955,BAY,ST, ,M5S,3/7/2014,12/14/2015,,Inspection,624,,
16 127450,0,Building Additions/Alterations,Multiple Use/Non Residential,3300,BLOOR,ST,W,M8X,3/14/2016,8/19/2016,,Inspection,624,0,
14 126064,2,Building Additions/Alterations,Multiple Use/Non Residential,955,BAY,ST, ,M5S,9/30/2016,9/8/2017,,Revision Issued,628,0,
17 170764,0,New Building,Mixed Use/Res w Non Res,79,EAST DON ROADWAY, , ,M4M,5/31/2017,,,Refusal Notice,634,0,
12 201776,0,New Building,Apartment Building,310,TWEEDSMUIR,AVE, ,M5P,6/27/2012,3/27/2014,,Inspection,637,0,
14 265586,0,Building Additions/Alterations,University,1,SPADINA,CRES, ,M5S,12/18/2014,10/28/2015,,Inspection,638,,
13 254745,1,New Building,Multiple Use/Non Residential,7,ST THOMAS,ST, ,   ,9/23/2016,1/16/2017,,Revision Issued,639.83,0,
13 264401,0,New Building,University,755,MORNINGSIDE,AVE, ,M1C,11/13/2013,9/2/2014,5/11/2016,Closed,640,,
14 128856,0,New Building,Apartment Building,70,IANNUZZI,ST, ,   ,3/14/2014,10/19/2016,,Permit Issued,640,0,
14 156648,0,Building Additions/Alterations,Secondary School,298,LONSDALE,RD, ,M4V,5/14/2014,10/6/2015,,Inspection,640.77,0,
16 260971,0,Building Additions/Alterations,Hospital,30,BOND,ST, ,M5B,12/6/2016,,,Refusal Notice,641,,
17 123809,0,New Building,Mixed Use/Res w Non Res,411,CHURCH,ST, ,M4Y,3/2/2017,,,Under Review ,643,0,
17 278638,0,New Building,Mixed Use/Res w Non Res,5,MABELLE,AVE, ,   ,12/22/2017,,,Under Review ,652,23.5,
16 270254,0,New Building,Elementary School,23,GEORGE,ST, ,M9N,12/22/2016,,,Under Review ,652.8,652.8,
16 166046,0,New Building,Apartment Building,2135,SHEPPARD,AVE,E,M2J,6/1/2016,,,Examiner's Notice Sent,654,0,
14 247824,0,New Building,Mixed Use/Res w Non Res,2151-2153,LAKE SHORE,BLVD,W,M8V,11/4/2014,3/18/2016,,Inspection,656,0,
12 296588,0,New Building,Elementary School,36,YVONNE,AVE, ,M3L,12/20/2012,5/24/2013,,Inspection,660,,
16 158308,0,New Building,Retail Store,360,MCLEVIN,AVE, ,   ,5/19/2016,2/16/2017,4/26/2017,Closed,660,0,
14 256851,0,New Building,Mixed Use/Res w Non Res,12,BONNYCASTLE,ST, ,   ,11/26/2014,11/24/2017,,Inspection,663.03,0,
16 200691,0,New Building,Mixed Use/Res w Non Res,151,ROEHAMPTON,AVE, ,M4P,8/3/2016,,,Examiner's Notice Sent,664.84,,
14 266226,0,New Building,Mixed Use/Res w Non Res,161,EGLINTON,AVE,E,M4P,12/19/2014,2/13/2018,,Inspection,678,0,
11 263561,0,New Building,Mixed Use/Res w Non Res,170,FORT YORK,BLVD, ,   ,8/25/2011,4/4/2013,,Inspection,692,296.3,
11 325405,0,New Building,Mixed Use/Res w Non Res,511,BREMNER,BLVD, ,   ,12/13/2011,4/22/2015,,Inspection,693,1039,
11 190549,0,New Building,Apartment Building,1,VALHALLA INN,RD, ,M9B,5/9/2011,2/21/2013,,Inspection,695,,
11 279925,0,New Building,Elementary School,0,ALTON TOWERS,CRCL, ,   ,9/22/2011,7/31/2012,2/20/2015,Closed,700,,
16 138508,0,Building Additions/Alterations,Elementary School,15,ST PASCHAL,CRT, ,M2M,4/11/2016,5/10/2018,,Inspection,710,0,
15 239771,0,New Building,Mixed Use/Res w Non Res,24,HOWARD PARK,AVE, ,M6R,10/20/2015,6/6/2017,,Inspection,710.8,0,
12 260361,0,New Building,Apartment Building,88,SHEPPARD,AVE,E,   ,10/10/2012,5/21/2014,8/22/2016,Closed,712,,
17 181803,0,New Building,Apartment Building,4650,EGLINTON,AVE,W,   ,6/16/2017,7/30/2018,,Permit Issued,716.6,1341.43,
10 316687,0,New Building,Mixed Use/Res w Non Res,20,JOE SHUSTER,WAY, ,   ,12/17/2010,12/20/2013,6/29/2018,Closed,716.7,0,
13 275740,0,New Building,Car Dealership,175,YORKLAND,BLVD, ,   ,12/9/2013,1/30/2015,1/13/2017,Closed,718.3,718.3,
15 183221,0,New Building,Mixed Use/Res w Non Res,43,GERRARD,ST,W,   ,6/30/2015,5/1/2017,,Inspection,720.78,0,
15 267631,0,New Building,Mixed Use/Res w Non Res,501,YONGE,ST, ,M4Y,12/21/2015,,,Under Review ,722,0,
11 223964,0,New Building,Apartment Building,399,SPRING GARDEN,AVE, ,M2N,6/21/2011,11/25/2013,,Inspection,723.5,0,
12 146242,0,New Building,Recreational,55,FOREST MANOR,RD, ,   ,3/30/2012,3/20/2014,,Inspection,726,0,
11 147390,0,New Building,Other,100,GARRISON,RD, ,M5V,3/17/2011,5/29/2013,,Inspection,729.6,0,
10 272513,0,New Building,Apartment Building,275,YORKLAND,RD, ,   ,10/6/2010,10/2/2013,,Inspection,744.9,10.5,
13 133841,0,New Building,Other,51,BEECHGROVE,DR, ,M1E,3/15/2013,4/16/2014,,Inspection,746,,
13 260999,0,New Building,Apartment Building,20,GLADSTONE,AVE, ,M6J,11/5/2013,10/7/2015,,Inspection,747,,
13 111792,0,New Building,Apartment Building,830,LAWRENCE,AVE,W,   ,1/28/2013,8/18/2016,,Inspection,752,0,
17 123207,0,Building Additions/Alterations,Multiple Unit Building,55,BLOOR,ST,W,M4W,3/1/2017,,,Refusal Notice,752,0,
17 181554,0,New Building,Parking Garage,75,CANTERBURY,PL, ,M2N,6/16/2017,,,Under Review ,754.38,,
17 181647,0,New Building,Apartment Building,75,CANTERBURY,PL, ,M2N,6/16/2017,,,Response Received,754.38,0,
16 216124,0,New Building,Multiple Use/Non Residential,300,COMMISSIONERS,ST, ,M4M,8/31/2016,,,Refusal Notice,756,0,
17 272255,0,New Building,Mixed Use/Res w Non Res,19,WESTERN BATTERY,RD, ,   ,12/6/2017,,,Response Received,759,0,
12 296413,0,New Building,Apartment Building,160,VANDERHOOF,AVE, ,   ,12/20/2012,6/8/2016,1/23/2018,Closed,760,0,
12 213264,1,New Building,Other,6,ELM,AVE, ,M4W,2/5/2014,10/2/2014,7/22/2016,Closed,764,0,
17 227808,0,New Building,Mixed Use/Res w Non Res,460,FRONT,ST,E,   ,9/5/2017,,,Under Review ,771,,
17 151586,0,New Building,Car Dealership,630,KIPLING,AVE, ,M8Z,4/30/2017,7/21/2017,,Inspection,772.47,1688.15,
17 151586,1,New Building,Car Dealership,630,KIPLING,AVE, ,M8Z,11/23/2017,7/24/2018,,Revision Issued,772.47,0,
17 115656,0,New Building,Apartment Building,9,MABELLE,AVE, ,   ,2/10/2017,,,Examiner's Notice Sent,779,0,
12 213264,0,New Building,Other,6,ELM,AVE, ,M4W,7/17/2012,7/5/2013,7/22/2016,Closed,786,,
16 250026,0,New Building,Apartment Building,255,VILLAGE GREEN,SQ, ,   ,11/10/2016,,,Response Received,791.5,,
17 194523,0,New Building,Mixed Use/Res w Non Res,261,QUEENS QUAY, ,E,M5A,7/7/2017,,,Under Review ,804.9,0,
13 280664,0,New Building,Retail Store,3829-3983,JANE,ST, ,M3N,12/20/2013,2/25/2015,,Permit Issued,808,808,
12 135248,0,Building Additions/Alterations,Elementary School,85,MOATFIELD,DR, ,M3B,3/12/2012,9/25/2012,9/15/2017,Closed,810,,
12 260027,0,New Building,Library,150,BOROUGH,DR, ,M1P,10/9/2012,5/9/2013,,Inspection,814,,
16 158573,0,New Building,Apartment Building,591,SHEPPARD,AVE,E,M2K,5/19/2016,4/13/2018,,Permit Issued,821,0,
14 257413,0,New Building,Apartment Building,2800,KEELE,ST, ,M3M,11/27/2014,4/28/2016,5/8/2018,Closed,828,,
14 267285,0,New Building,Apartment Building,2150,LAWRENCE,AVE,E,M1R,12/23/2014,9/29/2016,,Inspection,839,,
14 267291,0,New Building,Apartment Building,2150,LAWRENCE,AVE,E,M1R,12/23/2014,9/11/2017,,Permit Issued,839,,
16 179973,0,New Building,University,4700,KEELE,ST, ,M3J,6/24/2016,,,Examiner's Notice Sent,841,0,
14 198747,0,New Building,Mixed Use/Res w Non Res,255,COLLEGE,ST, ,M5T,7/29/2014,6/30/2017,,Inspection,873,195.6,
16 223100,0,New Building,Office,3500,EGLINTON,AVE,W,M6M,9/15/2016,,,Under Review ,876,0,
13 254745,0,New Building,Multiple Use/Non Residential,7,ST THOMAS,ST, ,   ,10/22/2013,9/2/2016,,Inspection,883,,
15 241022,0,New Building,Mixed Use/Res w Non Res,1100,BRIAR HILL,AVE, ,M6B,10/22/2015,9/14/2016,,Inspection,887,887,
11 309981,0,New Building,University,341,YONGE,ST, ,M5B,11/15/2011,10/31/2012,7/27/2015,Closed,889.5,0,
13 155002,0,New Building,Mixed Use/Res w Non Res,545-565,SHERBOURNE,ST, ,M4X,4/22/2013,9/1/2016,,Inspection,890,,
15 201043,0,New Houses,SFD - Townhouse,545-565,SHERBOURNE,ST, ,M4X,8/4/2015,6/19/2017,,Inspection,890,,
15 224387,0,New Building,Medical/Dental Office,2225,MARKHAM,RD, ,M1B,9/17/2015,7/7/2016,,Inspection,914,,
17 266912,0,New Building,Mixed Use/Res w Non Res,25,NICHOLAS,AVE, ,   ,11/24/2017,,,Response Received,918,,
16 249200,0,New Building,Mixed Use/Res w Non Res,45,DUNFIELD,AVE, ,M4S,11/9/2016,,,Under Review ,919,,
11 280530,0,New Building,Apartment Building,100,PARKWAY FOREST,DR, ,M2J,9/23/2011,11/29/2013,,Inspection,952,0,
16 264881,0,Building Additions/Alterations,Multiple Use/Non Residential,40,HANNA,AVE, ,   ,12/15/2016,,,Refusal Notice,964,0,
11 187152,0,New Building,Mixed Use/Res w Non Res,591,DUNDAS,ST,E,M5T,5/4/2011,5/31/2013,9/19/2013,Closed,986,,
14 163201,0,New Building,Mixed Use/Res w Non Res,511,BREMNER,BLVD, ,   ,5/28/2014,4/6/2017,,Inspection,989.52,557.25,
16 164910,0,New Building,Mixed Use/Res w Non Res,2131,YONGE,ST, ,M4S,5/31/2016,,,Examiner's Notice Sent,991,861,
17 186222,0,New Building,Car Dealership,1635,THE QUEENSWAY, , ,M8Z,6/23/2017,,,Under Review ,994,,
16 149784,0,New Building,Apartment Building,35,WABASH,AVE, ,M6R,5/3/2016,5/10/2018,,Inspection,1000,0,
17 139036,0,New Building,Office,2,INTERNATIONAL,BLVD, ,M9W,4/4/2017,11/9/2017,,Inspection,1005,,
12 148129,0,New Building,Apartment Building,635,KING,ST,E,   ,4/3/2012,3/14/2014,,Inspection,1007,,
14 209736,0,New Building,Retail Store,666,MARKHAM,RD, ,M1H,8/21/2014,1/27/2015,,Inspection,1008,,
13 182544,0,New Building,Mixed Use/Res w Non Res,345,CARLAW,AVE, ,M4M,6/6/2013,1/15/2015,,Inspection,1015.17,0,
16 239190,0,New Building,Apartment Building,150,RIVER,ST, ,M5A,10/18/2016,,,Under Review ,1018,,
15 226338,0,New Building,Multiple Use/Non Residential,165,YORKLAND,BLVD, ,   ,9/22/2015,4/27/2018,,Permit Issued,1030,0,
11 154403,0,Building Additions/Alterations,Elementary School,80,THORNCLIFFE PARK,DR, ,M4H,3/25/2011,6/6/2012,12/3/2014,Closed,1032,742,
17 198524,0,New Building,Multiple Use/Non Residential,440,FRONT,ST,W,M5V,7/14/2017,,,Under Review ,1038,1824,
13 240040,0,New Building,Mixed Use/Res w Non Res,525,ADELAIDE,ST,W,M5V,9/23/2013,7/4/2017,,Inspection,1040,,
15 174949,0,New Building,Mixed Use/Res w Non Res,1275,FINCH,AVE,W,   ,6/16/2015,7/18/2018,,Permit Issued,1045,0,
16 113513,0,Building Additions/Alterations,Community Hall,495,SHERBOURNE,ST, ,M4X,2/5/2016,7/28/2016,,Inspection,1051,,
10 255756,0,New Building,Mixed Use/Res w Non Res,120,BREMNER,BLVD, ,   ,9/10/2010,1/23/2014,,Inspection,1051.9,988.7,
11 279729,0,New Building,Hospital,76,GRENVILLE,ST, ,M5S,9/22/2011,3/5/2013,,Inspection,1060.6,,
14 124642,0,New Building,Secondary School,1555,MIDLAND,AVE, ,M1P,3/5/2014,3/29/2017,,Inspection,1063,1376.5,
16 220103,0,New Building,Elementary School,77,GLEN RUSH,BLVD, ,M5N,9/9/2016,5/2/2018,,Permit Issued,1063,,
14 253380,0,New Building,Apartment Building,5200,YONGE,ST, ,M2N,11/18/2014,12/21/2016,,Inspection,1074,0,
12 203332,0,New Building,University,100,DEVONSHIRE,PL, ,M5S,6/29/2012,6/28/2013,1/30/2015,Closed,1080,,
12 219269,0,New Building,Mixed Use/Res w Non Res,30,ROEHAMPTON,AVE, ,   ,7/26/2012,4/14/2015,,Inspection,1081,,
11 295644,0,New Building,Apartment Building,2157,LAKE SHORE,BLVD,W,M8V,10/19/2011,11/13/2014,,Inspection,1087,0,
11 249770,0,New Building,Mixed Use/Res w Non Res,800,LAWRENCE,AVE,W,   ,8/2/2011,10/28/2014,6/14/2016,Closed,1093,0,
13 280135,0,New Building,Office,165,GALAXY,BLVD, ,   ,12/19/2013,9/17/2014,,Inspection,1098.02,,
15 237835,0,New Building,Apartment Building,14,TRENT,AVE, ,M4C,10/15/2015,1/15/2018,,Inspection,1099,0,
17 209437,0,Building Additions/Alterations,Elementary School,171,AVONDALE,AVE, ,M2N,8/1/2017,7/30/2018,,Permit Issued,1108,0,
14 266371,0,New Building,Library,1515,ALBION,RD, ,M9V,12/19/2014,6/5/2015,,Inspection,1110,0,
15 247214,0,New Building,Mixed Use/Res w Non Res,110,RIVER,ST, ,M5A,11/4/2015,7/17/2017,,Inspection,1111,0,
13 124990,0,New Building,Mixed Use/Res w Non Res,1844,BLOOR,ST,W,M6P,2/26/2013,1/29/2014,,Inspection,1113,,
11 239542,1,Building Additions/Alterations,College/Trade/Tech School/Training Cent.,4700,KEELE,ST, ,M3J,12/22/2014,10/30/2015,,Revision Issued,1114,0,
15 176396,0,New Building,Mixed Use/Res w Non Res,1,EDGEWATER,DR, ,   ,6/18/2015,12/7/2017,,Inspection,1120,0,
16 139867,0,New Building,Elementary School,171,AVONDALE,AVE, ,M2N,4/13/2016,3/13/2017,,Inspection,1127,0,
12 266823,0,New Building,Mixed Use/Res w Non Res,434,ADELAIDE,ST,W,M5V,10/23/2012,8/4/2015,,Inspection,1132,0,
14 266003,0,New Building,Apartment Building,2229,KINGSTON,RD, ,M1N,12/19/2014,7/8/2016,,Inspection,1136,0,
16 114860,0,New Building,Mixed Use/Res w Non Res,270,CHURCH,ST, ,M5B,2/9/2016,6/9/2017,,Inspection,1142,,
16 180989,0,New Building,Mixed Use/Res w Non Res,591,DUNDAS,ST,E,M5T,6/27/2016,1/8/2018,,Inspection,1154,0,
12 296759,0,Building Additions/Alterations,Office,134,PETER,ST, ,M5V,12/20/2012,10/15/2013,,Inspection,1157.33,0,
12 202451,0,New Building,Elementary School,50,UPPER ROUGE,TRL, ,   ,6/28/2012,2/14/2013,10/8/2014,Closed,1159,,
14 106954,0,New Building,Multiple Use/Non Residential,351,KING,ST,E,   ,1/20/2014,8/9/2016,,Inspection,1161,2190,
12 174617,0,New Building,Office,165,GALAXY,BLVD, ,   ,5/16/2012,3/7/2013,,Inspection,1176.45,,
15 223954,0,Building Additions/Alterations,College/Trade/Tech School/Training Cent.,1377,SHEPPARD,AVE,W,M3K,9/17/2015,9/22/2016,,Inspection,1183,0,
11 312272,0,Building Additions/Alterations,Elementary School,270,MANSE,RD, ,M1E,11/18/2011,6/18/2012,7/10/2018,Closed,1197,,
14 256786,0,New Building,Mixed Use/Res w Non Res,210,EASTERN,AVE, ,M5A,11/26/2014,5/2/2017,,Inspection,1204,0,
16 270409,0,New Building,Mixed Use/Res w Non Res,5245,DUNDAS,ST,W,M9B,12/23/2016,,,Under Review ,1208,0,
17 107074,0,New Building,Mixed Use/Res w Non Res,20,TUBMAN,AVE, ,   ,1/20/2017,,,Refusal Notice,1210,,
10 227495,0,New Building,Multiple Use/Non Residential,11,ST ANNES,RD, ,M6J,7/23/2010,4/13/2011,9/26/2012,Closed,1220,0,
13 161711,0,New Building,Office,100,ADELAIDE,ST,W,M5H,5/3/2013,8/24/2015,,Inspection,1224,361,
11 311255,0,New Building,Mixed Use/Res w Non Res,621,KING,ST,W,M5V,11/17/2011,11/10/2015,,Inspection,1225.3,,
14 247852,0,New Building,Mixed Use/Res w Non Res,2205,SHEPPARD,AVE,E,M2J,11/4/2014,7/10/2018,,Inspection,1232.3,0,
17 226807,0,New Building,Mixed Use/Res w Non Res,100,HOWARD,ST, ,   ,9/1/2017,,,Under Review ,1235,,
17 195296,0,New Building,Multiple Use/Non Residential,16,YORK,ST, ,M5J,7/10/2017,,,Under Review ,1258,1234,
11 329842,0,New Building,Other,25,REES,ST, ,   ,12/22/2011,6/27/2014,,Inspection,1269.24,,
17 146316,0,New Building,Mixed Use/Res w Non Res,505,RICHMOND,ST,W,M5V,4/20/2017,,,Refusal Notice,1286.4,,
12 204706,0,New Building,Apartment Building,55,ANN O'REILLY,RD, ,   ,7/4/2012,4/9/2015,,Inspection,1287.6,0,
16 159450,0,New Building,Mixed Use/Res w Non Res,620,KING,ST,W,M5V,5/20/2016,1/29/2018,,Inspection,1332,0,
14 264762,0,New Building,Parking Garage,1603,EGLINTON,AVE,W,M6E,12/16/2014,,,Under Review ,1335,0,
17 194078,0,New Building,Community Hall,4588,BATHURST,ST, ,M2R,7/7/2017,,,Under Review ,"1,343.60",0,
11 232379,0,New Building,Mixed Use/Res w Non Res,591,DUNDAS,ST,E,M5T,7/5/2011,2/1/2013,10/17/2017,Closed,1344,,
13 137731,0,New Building,Retail Store,1860,BAYVIEW,AVE, ,M4G,3/20/2013,4/16/2014,,Inspection,1348,0,
14 267277,0,New Building,Apartment Building,50,REGENT PARK,BLVD, ,   ,12/23/2014,12/11/2017,,Inspection,1354,0,
17 253916,0,New Building,Apartment Building,65,LIVINGSTON,RD, ,M1E,10/26/2017,,,Refusal Notice,1355,0,
13 238679,0,New Building,Apartment Building,99,THE DONWAY, ,W,   ,9/19/2013,1/18/2016,,Inspection,1368,0,
13 238466,0,New Building,Parking Garage,99,THE DONWAY, ,W,   ,9/19/2013,1/5/2016,,Permit Issued,1368.3,0,
13 238504,0,New Building,Apartment Building,99,THE DONWAY, ,W,   ,9/19/2013,1/5/2016,,Inspection,1368.3,0,
16 271046,0,New Building,Mixed Use/Res w Non Res,621,SHEPPARD,AVE,E,M2K,12/28/2016,7/25/2018,,Permit Issued,1405,,
11 193106,0,New Building,Other,591,DUNDAS,ST,E,M5T,5/12/2011,8/30/2013,,Inspection,1442,,
10 120075,0,Building Additions/Alterations,Office,222,JARVIS,ST, ,M5B,2/18/2010,6/4/2010,11/9/2015,Closed,1470,0,
16 148136,0,New Building,Medical/Dental Office,101,HUMBER COLLEGE,BLVD, ,M9V,4/29/2016,6/29/2017,7/6/2018,Closed,1500,,
13 227528,0,New Building,Apartment Building,255,VILLAGE GREEN,SQ, ,   ,8/28/2013,12/28/2016,,Permit Issued,1511,,
15 240592,0,New Building,Warehouse,1251,TAPSCOTT,RD, ,   ,10/21/2015,6/22/2016,,Inspection,1515.5,0,
12 233929,0,New Building,Apartment Building,2150,LAWRENCE,AVE,E,M1R,8/22/2012,9/22/2014,7/8/2016,Closed,1519,0,
15 240559,0,New Building,Warehouse,1251,TAPSCOTT,RD, ,   ,10/21/2015,6/28/2016,,Inspection,1536.3,0,
10 315385,0,New Building,Mixed Use/Res w Non Res,560,KING,ST,W,M5V,12/16/2010,5/2/2013,2/9/2016,Closed,1541,,
15 134857,0,New Building,Retail Store,3401,DUFFERIN,ST, ,M6A,3/31/2015,8/18/2016,10/31/2016,Closed,1553.8,0,
15 140383,0,New Building,Self-Service Storage Building,515,CENTENNIAL,RD,N,M1C,4/14/2015,3/8/2016,3/20/2017,Closed,1587.8,0,
14 262283,0,New Building,Mixed Use/Res w Non Res,30,ORDNANCE,ST, ,M6K,12/9/2014,,,Under Review ,"1,600.00",,
17 108412,0,New Building,Mixed Use/Res w Non Res,11,ORDNANCE,ST, ,M6K,1/24/2017,,,Examiner's Notice Sent,"1,600.00",0,
17 232060,0,New Building,Mixed Use/Res w Non Res,79,EAST DON ROADWAY, , ,M4M,9/13/2017,,,Examiner's Notice Sent,1633,0,
15 140425,0,New Building,Self-Service Storage Building,515,CENTENNIAL,RD,N,M1C,4/14/2015,3/8/2016,3/20/2017,Closed,1659.1,0,
13 260980,0,New Building,Apartment Building,11,PEEL,AVE, ,M6J,11/5/2013,8/14/2015,,Inspection,1670,,
14 150989,7,Building Additions/Alterations,Industrial,20-Feb,FRASER,AVE, ,M6K,7/21/2017,9/22/2017,9/29/2017,Closed,1675,0,
15 228084,0,New Building,Apartment Building,7,MABELLE,AVE, ,   ,9/24/2015,7/20/2018,,Permit Issued,1682,0,
12 170167,0,New Building,Mixed Use/Res w Non Res,475,FRONT,ST,E,M5A,5/9/2012,10/14/2015,10/14/2016,Closed,1701.4,,
16 186839,0,New Building,Mixed Use/Res w Non Res,33-45,NIAGARA,ST, ,M5V,7/7/2016,5/11/2018,,Inspection,1735.64,,
16 117393,0,Building Additions/Alterations,Retail Store,25,THE WEST MALL, , ,M9C,2/17/2016,6/22/2016,11/3/2017,Closed,1740.52,0,
16 127281,0,New Building,Mixed Use/Res w Non Res,143,LAKE SHORE,BLVD,E,M5A,3/14/2016,,,Response Received,1768,0,
12 176280,0,New Building,Mixed Use/Res w Non Res,591,DUNDAS,ST,E,M5T,5/18/2012,5/24/2013,,Inspection,1773.5,,
14 266096,0,New Building,Apartment Building,65,GRAND MAGAZINE,ST, ,   ,12/19/2014,,,Examiner's Notice Sent,"1,804.00",0,
12 114933,0,New Building,Mixed Use/Res w Non Res,120,BREMNER,BLVD, ,   ,1/31/2012,11/26/2013,,Inspection,1827.57,126.09,
13 238027,0,Building Additions/Alterations,College/Trade/Tech School/Training Cent.,909,KIPLING,AVE, ,M8Z,9/18/2013,8/16/2016,,Inspection,1852,0,
14 112598,0,New Building,Mixed Use/Res w Non Res,15,MERCHANTS' WHARF, , ,   ,2/3/2014,10/26/2016,,Inspection,1869.9,,
16 114270,0,New Building,Multiple Use/Non Residential,410,BATHURST,ST, ,M5T,2/8/2016,10/20/2017,,Inspection,1873,0,
14 187352,0,New Building,Mixed Use/Res w Non Res,941,PROGRESS,AVE, ,M1G,7/9/2014,12/15/2014,,Inspection,1916,,
13 257546,0,New Building,University,4700,KEELE,ST, ,M3J,10/28/2013,4/8/2015,6/14/2018,Closed,1952,,
12 275376,0,Building Additions/Alterations,Industrial,160,TRANSIT,RD, ,M3H,11/7/2012,3/4/2013,4/11/2017,Closed,1992,,
12 165641,0,New Building,Community Hall,115,BLACK CREEK,DR, ,   ,5/2/2012,3/21/2013,,Inspection,2000,,
12 117088,0,New Building,Mixed Use/Res w Non Res,1030,KING,ST,W,M6K,2/3/2012,7/17/2013,,Inspection,2014,0,
16 243139,0,New Building,College/Trade/Tech School/Training Cent.,1750,FINCH,AVE,E,M2J,10/26/2016,3/12/2018,,Inspection,2038,0,
11 142921,0,New Building,Mixed Use/Res w Non Res,635,KING,ST,E,   ,3/11/2011,7/17/2012,,Inspection,2063,,
11 287641,0,New Building,Apartment Building,2200,LAKE SHORE,BLVD,W,M8V,10/5/2011,3/20/2014,,Inspection,2086,0,
16 123263,0,New Building,Apartment Building,22,JOHN,ST, ,   ,3/3/2016,4/18/2018,,Inspection,2100,,
15 140135,0,New Building,Multiple Use/Non Residential,130,QUEENS QUAY, ,E,M5A,4/13/2015,3/27/2018,,Inspection,2114,0,
13 280230,0,New Building,Long Term Care Facility,2233,KIPLING,AVE, ,M9W,12/19/2013,12/17/2014,,Inspection,2119,,
10 216000,0,New Building,Mixed Use/Res w Non Res,591,DUNDAS,ST,E,M5T,7/9/2010,4/12/2012,11/17/2017,Closed,2195,0,
14 144636,0,Building Additions/Alterations,Industrial,4925,DUFFERIN,ST, ,M3H,4/17/2014,10/2/2014,4/26/2016,Closed,2203,,
12 260121,0,New Building,Retail Mall/Plaza,3757,KEELE,ST, ,M3J,10/9/2012,4/17/2013,,Inspection,2270,,
11 273461,0,New Building,Apartment Building,120,HARRISON GARDEN,BLVD, ,   ,9/13/2011,6/20/2013,,Inspection,2336.37,,
11 274541,0,New Building,Apartment Building,120,HARRISON GARDEN,BLVD, ,   ,9/14/2011,6/20/2013,,Inspection,2353,0,
16 249391,0,Building Additions/Alterations,Industrial Manufacturing Plant,195,STEINWAY,BLVD, ,M9W,11/9/2016,5/11/2017,,Permit Issued,2411.12,,
17 269706,0,New Building,Mixed Use/Res w Non Res,177,FRONT,ST,E,M5A,11/30/2017,,,Under Review ,2442,0,
12 236480,0,New Building,Industrial,5533,STEELES,AVE,W,M9L,8/27/2012,4/17/2013,,Inspection,2459,,
15 261547,0,New Building,Nursing Home Facility,61,FAIRFAX,CRES, ,M1L,12/7/2015,6/13/2018,,Inspection,"2,471",386.3,
15 202756,0,New Building,Secondary School,2850,EGLINTON,AVE,E,M1J,8/6/2015,10/28/2016,,Inspection,2565,0,
18 124809,0,New Building,Mixed Use/Res w Non Res,740,DUPONT,ST, ,M6G,3/5/2018,,,Response Received,"2,707.00",0,
17 103169,0,New Building,Office,95,ARROW,RD, ,M9M,1/11/2017,12/27/2017,,Inspection,2818,,
16 137689,0,New Building,Industrial,1040,ISLINGTON,AVE, ,M8Z,4/8/2016,3/20/2018,3/27/2018,Closed,3007.94,0,
13 144750,0,New Building,Mixed Use/Res w Non Res,90,HARBOUR,ST, ,   ,4/4/2013,8/17/2015,,Inspection,3113.4,1555.8,
11 330588,0,New Building,Multiple Use/Non Residential,475,FRONT,ST,E,M5A,12/23/2011,12/11/2014,4/25/2017,Closed,3290,0,
12 292665,0,Building Additions/Alterations,Warehouse,129,FENMAR,DR, ,M9L,12/12/2012,3/6/2015,,Inspection,3519,,
13 269660,0,New Building,Mixed Use/Res w Non Res,830,LANSDOWNE,AVE, ,   ,11/25/2013,9/23/2016,,Inspection,3572,,
17 137140,0,New Building,Multiple Use/Non Residential,81,BAY,ST, ,   ,3/31/2017,,,Under Review ,3737.8,0,
14 257417,0,New Building,Apartment Building,255,RANEE,AVE, ,   ,11/27/2014,,,Examiner's Notice Sent,3802,0,
14 257431,0,New Building,Apartment Building,255,RANEE,AVE, ,   ,11/27/2014,11/9/2017,,Inspection,3802,0,
16 269471,0,New Building,Multiple Use/Non Residential,20,BRUNEL,CRT, ,   ,12/21/2016,1/11/2018,,Inspection,3870,,
13 122221,0,New Building,Motel/Hotel,2,STRACHAN,AVE, ,M6K,2/20/2013,9/8/2014,,Inspection,4356,593,
11 284988,0,New Building,Multiple Use/Non Residential,85,HARBOUR,ST, ,   ,9/30/2011,7/26/2013,2/28/2017,Closed,4363,0,
16 178022,0,Building Additions/Alterations,Hospital,101,HUMBER COLLEGE,BLVD, ,M9V,6/21/2016,,,Under Review ,4554,0,
17 193682,0,Building Additions/Alterations,Self-Service Storage Building,55,KELFIELD,ST, ,M9W,7/6/2017,2/27/2018,,Permit Issued,4750.1,,
12 166355,0,New Building,Mixed Use/Res w Non Res,475,FRONT,ST,E,M5A,5/3/2012,11/14/2014,10/18/2016,Closed,4823,,
15 144491,0,Building Additions/Alterations,Multiple Unit Building,4841-4881,YONGE,ST, ,M2N,4/21/2015,,,Under Review ,5361,0,
15 162424,0,Building Additions/Alterations,Warehouse,134,NORFINCH,DR, ,M3N,5/25/2015,,,Examiner's Notice Sent,7617,,
13 279062,0,Building Additions/Alterations,Retail Store,3401,DUFFERIN,ST, ,M6A,12/17/2013,8/18/2016,8/25/2017,Closed,7652.99,0,
11 230682,0,New Building,Industrial,1313,LAKE SHORE,BLVD,E,   ,6/30/2011,2/3/2016,,Inspection,9035.13,0,
12 211627,0,Building Additions/Alterations,Industrial,1415,WESTON,RD, ,M6M,7/16/2012,2/1/2013,,Inspection,11773,,
12 278080,0,Building Additions/Alterations,Retail Store,25,THE WEST MALL, , ,M9C,11/13/2012,9/30/2013,,Inspection,14306,,
16 191842,0,New Building,Multiple Use/Non Residential,1235,ORMONT,DR, ,M9L,7/15/2016,11/2/2016,12/15/2017,Closed,14595.3,0,
16 120031,0,New Building,Industrial,3500,EGLINTON,AVE,W,M6M,2/24/2016,,,Response Received,15300,15300,
13 279581,0,Building Additions/Alterations,Recreational,1491,LAKE SHORE,BLVD,W,M6K,12/18/2013,12/14/2017,,Permit Issued,1,25.7,
12 230546,0,New Building,Multiple Use/Non Residential,1602,THE QUEENSWAY, , ,M8Z,8/16/2012,12/10/2012,9/23/2015,Closed,1," F"")""",
14 253693,0,New Building,Mixed Use/Res w Non Res,50-60,CHARLES,ST,E,M4Y,11/18/2014,11/28/2017,,Inspection,1,214,
11 288197,0,New Building,Elementary School,30,THISTLE DOWN,BLVD, ,M9V,10/6/2011,7/31/2012,,Inspection,1,330.4,
13 187385,0,New Building,College/Trade/Tech School/Training Cent.,203-205,HUMBER COLLEGE,BLVD, ,M9W,6/13/2013,7/15/2014,,Inspection,1,,
14 147030,0,Building Additions/Alterations,College/Trade/Tech School/Training Cent.,205,HUMBER COLLEGE,BLVD, ,M9W,4/24/2014,,5/20/2015,Cancelled,1,,
15 246701,0,New Building,Mixed Use/Res w Non Res,578,FRONT,ST,W,M5V,11/3/2015,5/28/2018,,Inspection,1,,
16 147600,0,New Building,Elementary School,2,CEDARCREST,BLVD, ,M4B,4/28/2016,1/30/2018,,Inspection,1,,
16 217011,1,New Houses,SFD - Townhouse,1238,AVENUE,RD, ,M5N,1/26/2017,12/1/2017,,Revision Issued,1,,
17 230862,0,New Building,Hospital,1001,QUEEN,ST,W,M6J,9/11/2017,,,Refusal Notice,1,,
17 233454,0,New Building,Other,1313,LAKE SHORE,BLVD,E,   ,9/15/2017,3/7/2018,,Permit Issued,1,,
